UniProtKB:Q92618	Zinc finger protein 516		GO:0009409		Ensembl	NCBITaxon:9606	IEA	UniProtKB:Q7TSH3|ensembl:ENSMUSP00000126629	PANTHER:PTHR45925	protein	UniProtKB:Q92618	GO_REF:0000107	20250313
UniProtKB:C9JCN9	Heat shock factor-binding protein 1-like protein 1		GO:0070370		GO_Central	NCBITaxon:9606	IBA	PANTHER:PTN000454531|TAIR:locus:1005716315	PANTHER:PTHR19424	protein		GO_REF:0000033	20170509
UniProtKB:P04629	High affinity nerve growth factor receptor		GO:0050965		Ensembl	NCBITaxon:9606	IEA	UniProtKB:P35739|ensembl:ENSRNOP00000018961	PANTHER:PTHR24416	protein	UniProtKB:P04629	GO_REF:0000107	20250313
UniProtKB:P36959	GMP reductase 1		GO:0009409		PINC	NCBITaxon:9606	TAS		PANTHER:PTHR43170	protein	UniProtKB:P36959	PMID:9813009	20030904
UniProtKB:O94967	WD repeat-containing protein 47		GO:0120168		Ensembl	NCBITaxon:9606	IEA	UniProtKB:Q8CGF6|ensembl:ENSMUSP00000057482	PANTHER:PTHR19863	protein	UniProtKB:O94967	GO_REF:0000107	20250313
UniProtKB:Q13144	Translation initiation factor eIF2B subunit epsilon		GO:0009408		UniProt	NCBITaxon:9606	ISS	UniProtKB:Q64350	PANTHER:PTHR45887	protein	UniProtKB:Q13144	GO_REF:0000024	20060913
UniProtKB:Q13144	Translation initiation factor eIF2B subunit epsilon		GO:0009408		Ensembl	NCBITaxon:9606	IEA	UniProtKB:Q64350|ensembl:ENSRNOP00000002321	PANTHER:PTHR45887	protein	UniProtKB:Q13144	GO_REF:0000107	20250313
UniProtKB:Q13144	Translation initiation factor eIF2B subunit epsilon		GO:0009408		UniProt	NCBITaxon:9606	TAS		PANTHER:PTHR45887	protein	UniProtKB:Q13144	PMID:12499492	20060912
UniProtKB:Q13144	Translation initiation factor eIF2B subunit epsilon		GO:0009408		UniProt	NCBITaxon:9606	IMP		PANTHER:PTHR45887	protein	UniProtKB:Q13144	PMID:15723074	20060913
UniProtKB:Q8WXI4	Acyl-coenzyme A thioesterase 11		GO:0009266		UniProt	NCBITaxon:9606	ISS	UniProtKB:Q8VHQ9	PANTHER:PTHR11049	protein	UniProtKB:Q8WXI4	GO_REF:0000024	20041006
UniProtKB:Q8WXI4	Acyl-coenzyme A thioesterase 11		GO:0009266		Ensembl	NCBITaxon:9606	IEA	UniProtKB:Q8VHQ9|ensembl:ENSMUSP00000099823	PANTHER:PTHR11049	protein	UniProtKB:Q8WXI4	GO_REF:0000107	20250313
UniProtKB:Q8WXI4	Acyl-coenzyme A thioesterase 11		GO:0009409		Ensembl	NCBITaxon:9606	IEA	UniProtKB:Q8VHQ9|ensembl:ENSMUSP00000099823	PANTHER:PTHR11049	protein	UniProtKB:Q8WXI4	GO_REF:0000107	20250313
UniProtKB:Q8WXI4	Acyl-coenzyme A thioesterase 11		GO:0009409		BHF-UCL	NCBITaxon:9606	ISS	UniProtKB:Q8VHQ9	PANTHER:PTHR11049	protein	UniProtKB:Q8WXI4	PMID:11696000	20090624
UniProtKB:Q8WW22	DnaJ homolog subfamily A member 4		GO:0009408		InterPro	NCBITaxon:9606	IEA	InterPro:IPR012724	PANTHER:PTHR43888	protein	UniProtKB:Q8WW22	GO_REF:0000002	20250429
UniProtKB:P54252	Ataxin-3		GO:0034605		Ensembl	NCBITaxon:9606	IEA	UniProtKB:Q9CVD2|ensembl:ENSMUSP00000021606	PANTHER:PTHR14159	protein	UniProtKB:P54252	GO_REF:0000107	20250313
UniProtKB:P54252	Ataxin-3		GO:0034605		ParkinsonsUK-UCL	NCBITaxon:9606	ISS	UniProtKB:Q9CVD2	PANTHER:PTHR14159	protein	UniProtKB:P54252	GO_REF:0000024	20140918
UniProtKB:Q9H2X9	Solute carrier family 12 member 5		GO:0040040		Ensembl	NCBITaxon:9606	IEA	UniProtKB:Q91V14|ensembl:ENSMUSP00000144623	PANTHER:PTHR11827	protein	UniProtKB:Q9H2X9	GO_REF:0000107	20250313
UniProtKB:Q15858	Sodium channel protein type 9 subunit alpha		GO:0050965		Ensembl	NCBITaxon:9606	IEA	UniProtKB:Q62205|ensembl:ENSMUSP00000097642	PANTHER:PTHR45628	protein	UniProtKB:Q15858	GO_REF:0000107	20250313
UniProtKB:O14733	Dual specificity mitogen-activated protein kinase kinase 7		GO:0009408		UniProt	NCBITaxon:9606	IDA		PANTHER:PTHR48013	protein	UniProtKB:O14733	PMID:9535930	20140821
UniProtKB:P63165	Small ubiquitin-related modifier 1		GO:0034605		UniProt	NCBITaxon:9606	IDA		PANTHER:PTHR10562	protein	UniProtKB:P63165	PMID:11514557	20161007
UniProtKB:P02511	Alpha-crystallin B chain		GO:0009408		GO_Central	NCBITaxon:9606	IBA	PANTHER:PTN000897708|FB:FBgn0035817|FB:FBgn0001223|FB:FBgn0001226|FB:FBgn0011296|ZFIN:ZDB-GENE-030326-4|WB:WBGene00002019|FB:FBgn0001225|FB:FBgn0001229|WB:WBGene00002016|UniProtKB:Q00649|FB:FBgn0001227|WB:WBGene00004798|FB:FBgn0001224|WB:WBGene00002015|FB:FBgn0035982|WB:WBGene00002018	PANTHER:PTHR45640	protein		GO_REF:0000033	20230604
UniProtKB:P09601	Heme oxygenase 1		GO:0034605		UniProt	NCBITaxon:9606	IMP		PANTHER:PTHR10720	protein	UniProtKB:P09601	PMID:21597468	20150121
UniProtKB:O60939	Sodium channel regulatory subunit beta-2		GO:0009408		Ensembl	NCBITaxon:9606	IEA	UniProtKB:Q56A07|ensembl:ENSMUSP00000126826	PANTHER:PTHR13869	protein	UniProtKB:O60939	GO_REF:0000107	20250313
UniProtKB:O60884	DnaJ homolog subfamily A member 2		GO:0009408		InterPro	NCBITaxon:9606	IEA	InterPro:IPR012724	PANTHER:PTHR43888	protein	UniProtKB:O60884	GO_REF:0000002	20250429
UniProtKB:Q8TCF1	AN1-type zinc finger protein 1	not	GO:0034605		UniProt	NCBITaxon:9606	IMP		PANTHER:PTHR14677	protein	UniProtKB:Q8TCF1	PMID:29804830	20180712
UniProtKB:Q9BYT9	Anoctamin-3		GO:0016048		Ensembl	NCBITaxon:9606	IEA	UniProtKB:F1M0A0|ensembl:ENSRNOP00000006349	PANTHER:PTHR12308	protein	UniProtKB:Q9BYT9	GO_REF:0000107	20250313
UniProtKB:P02489	Alpha-crystallin A chain		GO:0009408		GO_Central	NCBITaxon:9606	IBA	PANTHER:PTN000897708|FB:FBgn0035817|FB:FBgn0001223|FB:FBgn0001226|FB:FBgn0011296|ZFIN:ZDB-GENE-030326-4|WB:WBGene00002019|FB:FBgn0001225|FB:FBgn0001229|WB:WBGene00002016|UniProtKB:Q00649|FB:FBgn0001227|WB:WBGene00004798|FB:FBgn0001224|WB:WBGene00002015|FB:FBgn0035982|WB:WBGene00002018	PANTHER:PTHR45640	protein		GO_REF:0000033	20230604
UniProtKB:P29692	Elongation factor 1-delta		GO:0034605	"{""relationship"": {""relation"": [{""id"": ""RO:0002092"", ""label"": ""happens during""}], ""id"": ""GO:0034605"", ""label"": ""cellular response to heat""}}"	UniProt	NCBITaxon:9606	IMP		PANTHER:PTHR11595	protein	UniProtKB:P29692-2	PMID:21597468	20230503
UniProtKB:Q9BS40	Latexin		GO:0050965		Ensembl	NCBITaxon:9606	IEA	UniProtKB:P70202|ensembl:ENSMUSP00000060732	PANTHER:PTHR28591	protein	UniProtKB:Q9BS40	GO_REF:0000107	20250313
UniProtKB:Q58FF8	Putative heat shock protein HSP 90-beta 2		GO:0034605		GO_Central	NCBITaxon:9606	IBA	PANTHER:PTN000163629|MGI:MGI:96247|SGD:S000004798|WB:WBGene00000915|CGD:CAL0000201062|MGI:MGI:96250	PANTHER:PTHR11528	protein		GO_REF:0000033	20210904
UniProtKB:Q58FF7	Putative heat shock protein HSP 90-beta-3		GO:0034605		GO_Central	NCBITaxon:9606	IBA	PANTHER:PTN000163629|MGI:MGI:96247|SGD:S000004798|WB:WBGene00000915|CGD:CAL0000201062|MGI:MGI:96250	PANTHER:PTHR11528	protein		GO_REF:0000033	20210904
UniProtKB:Q58FF6	Putative heat shock protein HSP 90-beta 4		GO:0034605		GO_Central	NCBITaxon:9606	IBA	PANTHER:PTN000163629|MGI:MGI:96247|SGD:S000004798|WB:WBGene00000915|CGD:CAL0000201062|MGI:MGI:96250	PANTHER:PTHR11528	protein		GO_REF:0000033	20210904
UniProtKB:Q92769	Histone deacetylase 2		GO:0034605		Ensembl	NCBITaxon:9606	IEA	UniProtKB:F7ENH8|ensembl:ENSRNOP00000000742	PANTHER:PTHR10625	protein	UniProtKB:Q92769	GO_REF:0000107	20250313
UniProtKB:Q99469	SH3 and cysteine-rich domain-containing protein		GO:0034605		Ensembl	NCBITaxon:9606	IEA	UniProtKB:P97306|ensembl:ENSMUSP00000035083	PANTHER:PTHR15135	protein	UniProtKB:Q99469	GO_REF:0000107	20250313
UniProtKB:P19634	Sodium/hydrogen exchanger 1		GO:0070417		Ensembl	NCBITaxon:9606	IEA	UniProtKB:P26431|ensembl:ENSRNOP00000011049	PANTHER:PTHR10110	protein	UniProtKB:P19634	GO_REF:0000107	20250313
UniProtKB:O14558	Heat shock protein beta-6		GO:0009408		GO_Central	NCBITaxon:9606	IBA	PANTHER:PTN000897708|FB:FBgn0035817|FB:FBgn0001223|FB:FBgn0001226|FB:FBgn0011296|ZFIN:ZDB-GENE-030326-4|WB:WBGene00002019|FB:FBgn0001225|FB:FBgn0001229|WB:WBGene00002016|UniProtKB:Q00649|FB:FBgn0001227|WB:WBGene00004798|FB:FBgn0001224|WB:WBGene00002015|FB:FBgn0035982|WB:WBGene00002018	PANTHER:PTHR45640	protein		GO_REF:0000033	20230604
UniProtKB:O60240	Perilipin-1		GO:0070417		Ensembl	NCBITaxon:9606	IEA	UniProtKB:Q8CGN5|ensembl:ENSMUSP00000146028	PANTHER:PTHR47138	protein	UniProtKB:O60240	GO_REF:0000107	20250313
UniProtKB:P29475	Nitric oxide synthase 1		GO:0009408		BHF-UCL	NCBITaxon:9606	IDA		PANTHER:PTHR19384	protein	UniProtKB:P29475	PMID:18048451	20080714
UniProtKB:P29474	Nitric oxide synthase 3		GO:0009408		BHF-UCL	NCBITaxon:9606	NAS		PANTHER:PTHR19384	protein	UniProtKB:P29474	PMID:18048451	20080714
UniProtKB:Q8IYX7	Stabilizer of axonemal microtubules 1		GO:0009631		UniProt	NCBITaxon:9606	IDA		PANTHER:PTHR31516	protein	UniProtKB:Q8IYX7	PMID:25673876	20150311
UniProtKB:Q8IYX7	Stabilizer of axonemal microtubules 1		GO:0070417		UniProt	NCBITaxon:9606	IDA		PANTHER:PTHR31516	protein	UniProtKB:Q8IYX7	PMID:25673876	20150311
UniProtKB:Q92185	Alpha-N-acetylneuraminide alpha-2,8-sialyltransferase		GO:0034605		Ensembl	NCBITaxon:9606	IEA	UniProtKB:Q64687|ensembl:ENSMUSP00000032421	PANTHER:PTHR11987	protein	UniProtKB:Q92185	GO_REF:0000107	20250313
UniProtKB:O15240	Neurosecretory protein VGF		GO:0009409		Ensembl	NCBITaxon:9606	IEA	UniProtKB:Q0VGU4|ensembl:ENSMUSP00000140815	PANTHER:PTHR15159	protein	UniProtKB:O15240	GO_REF:0000107	20250313
UniProtKB:Q9NYG8	Potassium channel subfamily K member 4		GO:0071502		UniProt	NCBITaxon:9606	ISS	UniProtKB:G3V8V5	PANTHER:PTHR11003	protein	UniProtKB:Q9NYG8	GO_REF:0000024	20150213
UniProtKB:Q9NYG8	Potassium channel subfamily K member 4		GO:0071502		Ensembl	NCBITaxon:9606	IEA	UniProtKB:G3V8V5|ensembl:ENSRNOP00000028704	PANTHER:PTHR11003	protein	UniProtKB:Q9NYG8	GO_REF:0000107	20250313
UniProtKB:Q5XXA6	Anoctamin-1		GO:0034605	"{""relationship"": {""relation"": [{""id"": ""RO:0002411"", ""label"": ""causally upstream of""}], ""id"": ""GO:0005229"", ""label"": ""intracellularly calcium-gated chloride channel activity""}}|{""relationship"": {""relation"": [{""id"": ""BFO:0000066"", ""label"": ""occurs in""}], ""id"": ""CL:1001451"", ""label"": ""sensory neuron of dorsal root ganglion""}}"	UniProt	NCBITaxon:9606	ISS	UniProtKB:Q8BHY3	PANTHER:PTHR12308	protein	UniProtKB:Q5XXA6	GO_REF:0000024	20150429
UniProtKB:Q5XXA6	Anoctamin-1		GO:0050965		UniProt	NCBITaxon:9606	ISS	UniProtKB:Q8BHY3	PANTHER:PTHR12308	protein	UniProtKB:Q5XXA6	GO_REF:0000024	20150429
UniProtKB:Q13002	Glutamate receptor ionotropic, kainate 2		GO:0120169		UniProt	NCBITaxon:9606	ISS	UniProtKB:P39087	PANTHER:PTHR18966	protein	UniProtKB:Q13002	GO_REF:0000024	20200305
UniProtKB:Q13002	Glutamate receptor ionotropic, kainate 2		GO:0120169		Ensembl	NCBITaxon:9606	IEA	UniProtKB:P39087|ensembl:ENSMUSP00000151921	PANTHER:PTHR18966	protein	UniProtKB:Q13002	GO_REF:0000107	20250313
UniProtKB:Q86UU9	Tachykinin-4		GO:0050965		UniProt	NCBITaxon:9606	IDA		PANTHER:PTHR11250	protein	UniProtKB:Q86UU9-3	PMID:17655832	20170922
UniProtKB:Q86UU9	Tachykinin-4		GO:0050965		UniProt	NCBITaxon:9606	IDA		PANTHER:PTHR11250	protein	UniProtKB:Q86UU9-4	PMID:17655832	20170922
UniProtKB:Q86UU9	Tachykinin-4		GO:0050965		UniProt	NCBITaxon:9606	IDA		PANTHER:PTHR11250	protein	UniProtKB:Q86UU9-PRO_0000320011	PMID:17655832	20170922
UniProtKB:Q86UB9	Transmembrane protein 135		GO:0009409		Ensembl	NCBITaxon:9606	IEA	UniProtKB:Q9CYV5|ensembl:ENSMUSP00000042783	PANTHER:PTHR12459	protein	UniProtKB:Q86UB9	GO_REF:0000107	20250313
UniProtKB:Q13217	DnaJ homolog subfamily C member 3		GO:0070417		UniProt	NCBITaxon:9606	ISS	UniProtKB:Q91YW3	PANTHER:PTHR44140	protein	UniProtKB:Q13217	GO_REF:0000024	20151029
UniProtKB:Q13217	DnaJ homolog subfamily C member 3		GO:0070417		Ensembl	NCBITaxon:9606	IEA	UniProtKB:Q91YW3|ensembl:ENSMUSP00000022734	PANTHER:PTHR44140	protein	UniProtKB:Q13217	GO_REF:0000107	20250313
UniProtKB:Q13131	5'-AMP-activated protein kinase catalytic subunit alpha-1		GO:0009631		Ensembl	NCBITaxon:9606	IEA	UniProtKB:P54645|ensembl:ENSRNOP00000017626	PANTHER:PTHR24343	protein	UniProtKB:Q13131	GO_REF:0000107	20250313
UniProtKB:P02778	C-X-C motif chemokine 10		GO:0034605		Ensembl	NCBITaxon:9606	IEA	UniProtKB:P48973|ensembl:ENSRNOP00000003649	PANTHER:PTHR12015	protein	UniProtKB:P02778	GO_REF:0000107	20250313
UniProtKB:P55286	Cadherin-8		GO:0009409		Ensembl	NCBITaxon:9606	IEA	UniProtKB:P97291|ensembl:ENSMUSP00000117326	PANTHER:PTHR24027	protein	UniProtKB:P55286	GO_REF:0000107	20250313
UniProtKB:P56373	P2X purinoceptor 3		GO:0009266		Ensembl	NCBITaxon:9606	IEA	UniProtKB:Q3UR32|ensembl:ENSMUSP00000028465	PANTHER:PTHR10125	protein	UniProtKB:P56373	GO_REF:0000107	20250313
UniProtKB:P56373	P2X purinoceptor 3		GO:0009408		Ensembl	NCBITaxon:9606	IEA	UniProtKB:Q3UR32|ensembl:ENSMUSP00000028465	PANTHER:PTHR10125	protein	UniProtKB:P56373	GO_REF:0000107	20250313
UniProtKB:P56373	P2X purinoceptor 3		GO:0009409		Ensembl	NCBITaxon:9606	IEA	UniProtKB:Q3UR32|ensembl:ENSMUSP00000028465	PANTHER:PTHR10125	protein	UniProtKB:P56373	GO_REF:0000107	20250313
UniProtKB:P49770	Translation initiation factor eIF2B subunit beta		GO:0009408		UniProt	NCBITaxon:9606	ISS	UniProtKB:Q62818	PANTHER:PTHR45859	protein	UniProtKB:P49770	GO_REF:0000024	20060913
UniProtKB:P49770	Translation initiation factor eIF2B subunit beta		GO:0009408		UniProt	NCBITaxon:9606	TAS		PANTHER:PTHR45859	protein	UniProtKB:P49770	PMID:12499492	20060912
UniProtKB:Q9NRI5	Disrupted in schizophrenia 1 protein		GO:0050965		Ensembl	NCBITaxon:9606	IEA	UniProtKB:Q811T9|ensembl:ENSMUSP00000112410	PANTHER:PTHR14332	protein	UniProtKB:Q9NRI5	GO_REF:0000107	20250313
UniProtKB:Q12778	Forkhead box protein O1		GO:0070417		UniProt	NCBITaxon:9606	ISS	UniProtKB:P0DJI6	PANTHER:PTHR45767	protein	UniProtKB:Q12778	PMID:22510882	20120613
UniProtKB:Q9NR50	Translation initiation factor eIF2B subunit gamma		GO:0009408		UniProt	NCBITaxon:9606	ISS	UniProtKB:P70541	PANTHER:PTHR45989	protein	UniProtKB:Q9NR50	GO_REF:0000024	20060913
UniProtKB:Q9NR50	Translation initiation factor eIF2B subunit gamma		GO:0009408		UniProt	NCBITaxon:9606	TAS		PANTHER:PTHR45989	protein	UniProtKB:Q9NR50	PMID:12499492	20060912
UniProtKB:P07948	Tyrosine-protein kinase Lyn		GO:0034605		Ensembl	NCBITaxon:9606	IEA	UniProtKB:Q07014|ensembl:ENSRNOP00000011130	PANTHER:PTHR24418	protein	UniProtKB:P07948	GO_REF:0000107	20250313
UniProtKB:P07900	Heat shock protein HSP 90-alpha		GO:0009408		AgBase	NCBITaxon:9606	ISS	UniProtKB:P11501	PANTHER:PTHR11528	protein	UniProtKB:P07900	GO_REF:0000024	20150622
UniProtKB:P07900	Heat shock protein HSP 90-alpha		GO:0009409		AgBase	NCBITaxon:9606	ISS	UniProtKB:P11501	PANTHER:PTHR11528	protein	UniProtKB:P07900	GO_REF:0000024	20150620
UniProtKB:P07900	Heat shock protein HSP 90-alpha		GO:0034605		Ensembl	NCBITaxon:9606	IEA	UniProtKB:P07901|ensembl:ENSMUSP00000091921	PANTHER:PTHR11528	protein	UniProtKB:P07900	GO_REF:0000107	20250313
UniProtKB:P07900	Heat shock protein HSP 90-alpha		GO:0034605		GO_Central	NCBITaxon:9606	IBA	PANTHER:PTN000163629|MGI:MGI:96247|SGD:S000004798|WB:WBGene00000915|CGD:CAL0000201062|MGI:MGI:96250	PANTHER:PTHR11528	protein		GO_REF:0000033	20210904
UniProtKB:P54762	Ephrin type-B receptor 1		GO:0050965		UniProt	NCBITaxon:9606	ISS	UniProtKB:Q8CBF3	PANTHER:PTHR46877	protein	UniProtKB:P54762	GO_REF:0000024	20110901
UniProtKB:P54762	Ephrin type-B receptor 1		GO:0050965		Ensembl	NCBITaxon:9606	IEA	UniProtKB:Q8CBF3|ensembl:ENSMUSP00000035129	PANTHER:PTHR46877	protein	UniProtKB:P54762	GO_REF:0000107	20250313
UniProtKB:O75762	Transient receptor potential cation channel subfamily A member 1		GO:0009409		Ensembl	NCBITaxon:9606	IEA	UniProtKB:Q8BLA8|ensembl:ENSMUSP00000043594	PANTHER:PTHR24123	protein	UniProtKB:O75762	GO_REF:0000107	20250313
UniProtKB:O75762	Transient receptor potential cation channel subfamily A member 1		GO:0009409		UniProt	NCBITaxon:9606	IEA	ARBA:ARBA00028088	PANTHER:PTHR24123	protein	UniProtKB:O75762	GO_REF:0000117	20250428
UniProtKB:O75762	Transient receptor potential cation channel subfamily A member 1		GO:0009409		UniProt	NCBITaxon:9606	IMP		PANTHER:PTHR24123	protein	UniProtKB:O75762	PMID:20547126	20240425
UniProtKB:O75762	Transient receptor potential cation channel subfamily A member 1		GO:0034605		Ensembl	NCBITaxon:9606	IEA	UniProtKB:Q6RI86|ensembl:ENSRNOP00000009874	PANTHER:PTHR24123	protein	UniProtKB:O75762	GO_REF:0000107	20250313
UniProtKB:O75762	Transient receptor potential cation channel subfamily A member 1		GO:0070417		Ensembl	NCBITaxon:9606	IEA	UniProtKB:Q6RI86|ensembl:ENSRNOP00000009874	PANTHER:PTHR24123	protein	UniProtKB:O75762	GO_REF:0000107	20250313
UniProtKB:Q96K19	E3 ubiquitin-protein ligase RNF170		GO:0009266		Ensembl	NCBITaxon:9606	IEA	UniProtKB:Q8CBG9|ensembl:ENSMUSP00000014022	PANTHER:PTHR22894	protein	UniProtKB:Q96K19	GO_REF:0000107	20250313
UniProtKB:P17612	cAMP-dependent protein kinase catalytic subunit alpha		GO:0070417		Ensembl	NCBITaxon:9606	IEA	UniProtKB:P05132|ensembl:ENSMUSP00000005606	PANTHER:PTHR24353	protein	UniProtKB:P17612	GO_REF:0000107	20250313
UniProtKB:P17612	cAMP-dependent protein kinase catalytic subunit alpha		GO:0034605		UniProt	NCBITaxon:9606	IDA		PANTHER:PTHR24353	protein	UniProtKB:P17612	PMID:21085490	20161212
UniProtKB:P54652	Heat shock-related 70 kDa protein 2		GO:0009408		AgBase	NCBITaxon:9606	ISS	UniProtKB:B3VHV2	PANTHER:PTHR19375	protein	UniProtKB:P54652	GO_REF:0000024	20150622
UniProtKB:P54652	Heat shock-related 70 kDa protein 2		GO:0009408		AgBase	NCBITaxon:9606	ISS	UniProtKB:B6EAX2	PANTHER:PTHR19375	protein	UniProtKB:P54652	GO_REF:0000024	20150622
UniProtKB:P54652	Heat shock-related 70 kDa protein 2		GO:0009408		AgBase	NCBITaxon:9606	ISS	UniProtKB:P08106	PANTHER:PTHR19375	protein	UniProtKB:P54652	GO_REF:0000024	20150622
UniProtKB:P54652	Heat shock-related 70 kDa protein 2		GO:0009408		AgBase	NCBITaxon:9606	ISS	UniProtKB:Q7SX63	PANTHER:PTHR19375	protein	UniProtKB:P54652	GO_REF:0000024	20150622
UniProtKB:P54652	Heat shock-related 70 kDa protein 2		GO:0009409		AgBase	NCBITaxon:9606	ISS	UniProtKB:B3VHV2	PANTHER:PTHR19375	protein	UniProtKB:P54652	GO_REF:0000024	20150620
UniProtKB:P54652	Heat shock-related 70 kDa protein 2		GO:0009409		AgBase	NCBITaxon:9606	ISS	UniProtKB:B6EAX2	PANTHER:PTHR19375	protein	UniProtKB:P54652	GO_REF:0000024	20150620
UniProtKB:P54652	Heat shock-related 70 kDa protein 2		GO:0009409		AgBase	NCBITaxon:9606	ISS	UniProtKB:P08106	PANTHER:PTHR19375	protein	UniProtKB:P54652	GO_REF:0000024	20150620
UniProtKB:P54652	Heat shock-related 70 kDa protein 2		GO:0009409		AgBase	NCBITaxon:9606	ISS	UniProtKB:Q7SX63	PANTHER:PTHR19375	protein	UniProtKB:P54652	GO_REF:0000024	20150620
UniProtKB:O14948	Transcription factor EC		GO:0034605		Ensembl	NCBITaxon:9606	IEA	UniProtKB:Q9WTW4|ensembl:ENSMUSP00000031533	PANTHER:PTHR45776	protein	UniProtKB:O14948	GO_REF:0000107	20250313
UniProtKB:Q9NR00	Transcriptional and immune response regulator		GO:0034605		UniProt	NCBITaxon:9606	IDA		PANTHER:PTHR32358	protein	UniProtKB:Q9NR00	PMID:17603013	20150629
UniProtKB:Q9UNE7	E3 ubiquitin-protein ligase CHIP		GO:0034605	"{""relationship"": {""relation"": [{""id"": ""BFO:0000066"", ""label"": ""occurs in""}], ""id"": ""CL:0010012"", ""label"": ""cerebral cortex neuron""}}"	ARUK-UCL	NCBITaxon:9606	ISS	UniProtKB:A6HD62	PANTHER:PTHR46803	protein	UniProtKB:Q9UNE7	GO_REF:0000024	20250119
UniProtKB:Q9UNE7	E3 ubiquitin-protein ligase CHIP		GO:0034605		Ensembl	NCBITaxon:9606	IEA	UniProtKB:A6HD62|ensembl:ENSRNOP00000026921	PANTHER:PTHR46803	protein	UniProtKB:Q9UNE7	GO_REF:0000107	20250313
UniProtKB:P54886	Delta-1-pyrroline-5-carboxylate synthase		GO:0009266		Ensembl	NCBITaxon:9606	IEA	UniProtKB:A0A8I6AAN3|ensembl:ENSRNOP00000089847	PANTHER:PTHR11063	protein	UniProtKB:P54886	GO_REF:0000107	20250313
UniProtKB:P54886	Delta-1-pyrroline-5-carboxylate synthase		GO:0009266		Ensembl	NCBITaxon:9606	IEA	UniProtKB:A6JH60|ensembl:ENSRNOP00000089847	PANTHER:PTHR11063	protein	UniProtKB:P54886	GO_REF:0000107	20250313
UniProtKB:P54868	Hydroxymethylglutaryl-CoA synthase, mitochondrial		GO:0009266		Ensembl	NCBITaxon:9606	IEA	UniProtKB:P22791|ensembl:ENSRNOP00000026122	PANTHER:PTHR43323	protein	UniProtKB:P54868	GO_REF:0000107	20250313
UniProtKB:P07996	Thrombospondin-1		GO:0034605		BHF-UCL	NCBITaxon:9606	NAS		PANTHER:PTHR10199	protein	UniProtKB:P07996	PMID:9304800	20080928
UniProtKB:P21359	Neurofibromin		GO:0034605		Ensembl	NCBITaxon:9606	IEA	UniProtKB:Q04690|ensembl:ENSMUSP00000071289	PANTHER:PTHR10194	protein	UniProtKB:P21359	GO_REF:0000107	20250313
UniProtKB:P48506	Glutamate--cysteine ligase catalytic subunit		GO:0009408		UniProt	NCBITaxon:9606	IDA		PANTHER:PTHR11164	protein	UniProtKB:P48506	PMID:8104187	20061221
UniProtKB:Q7Z2W7	Transient receptor potential cation channel subfamily M member 8		GO:0009266		Ensembl	NCBITaxon:9606	IEA	UniProtKB:Q8R4D5|ensembl:ENSMUSP00000036991	PANTHER:PTHR13800	protein	UniProtKB:Q7Z2W7	GO_REF:0000107	20250313
UniProtKB:Q7Z2W7	Transient receptor potential cation channel subfamily M member 8		GO:0009409		Ensembl	NCBITaxon:9606	IEA	UniProtKB:Q8R4D5|ensembl:ENSMUSP00000036991	PANTHER:PTHR13800	protein	UniProtKB:Q7Z2W7	GO_REF:0000107	20250313
UniProtKB:Q7Z2W7	Transient receptor potential cation channel subfamily M member 8		GO:0009409		Ensembl	NCBITaxon:9606	IEA	UniProtKB:Q8R455|ensembl:ENSRNOP00000025879	PANTHER:PTHR13800	protein	UniProtKB:Q7Z2W7	GO_REF:0000107	20250313
UniProtKB:Q9NZJ5	Eukaryotic translation initiation factor 2-alpha kinase 3		GO:0070417		UniProt	NCBITaxon:9606	IMP		PANTHER:PTHR11042	protein	UniProtKB:Q9NZJ5	PMID:25329545	20151029
UniProtKB:Q9NZF1	Placenta-specific gene 8 protein		GO:0009409		Ensembl	NCBITaxon:9606	IEA	UniProtKB:Q9JI48|ensembl:ENSMUSP00000108531	PANTHER:PTHR15907	protein	UniProtKB:Q9NZF1	GO_REF:0000107	20250313
UniProtKB:Q9Y5R2	Matrix metalloproteinase-24		GO:0050965		UniProt	NCBITaxon:9606	ISS	UniProtKB:Q9R0S2	PANTHER:PTHR10201	protein	UniProtKB:Q9Y5R2	GO_REF:0000024	20140729
UniProtKB:Q9Y5R2	Matrix metalloproteinase-24		GO:0050965		Ensembl	NCBITaxon:9606	IEA	UniProtKB:Q9R0S2|ensembl:ENSMUSP00000029141	PANTHER:PTHR10201	protein	UniProtKB:Q9Y5R2	GO_REF:0000107	20250313
UniProtKB:Q8NEU8	DCC-interacting protein 13-beta		GO:0009631		UniProt	NCBITaxon:9606	ISS	UniProtKB:Q8K3G9	PANTHER:PTHR46415	protein	UniProtKB:Q8NEU8	GO_REF:0000024	20181130
UniProtKB:Q8NEU8	DCC-interacting protein 13-beta		GO:0009631		Ensembl	NCBITaxon:9606	IEA	UniProtKB:Q8K3G9|ensembl:ENSMUSP00000020500	PANTHER:PTHR46415	protein	UniProtKB:Q8NEU8	GO_REF:0000107	20250313
UniProtKB:Q8NET8	Transient receptor potential cation channel subfamily V member 3		GO:0009266		Ensembl	NCBITaxon:9606	IEA	UniProtKB:Q8K424|ensembl:ENSMUSP00000053755	PANTHER:PTHR10582	protein	UniProtKB:Q8NET8	GO_REF:0000107	20250313
UniProtKB:Q8NER1	Transient receptor potential cation channel subfamily V member 1		GO:0009408		Ensembl	NCBITaxon:9606	IEA	UniProtKB:Q704Y3|ensembl:ENSMUSP00000099585	PANTHER:PTHR10582	protein	UniProtKB:Q8NER1	GO_REF:0000107	20250313
UniProtKB:Q8NER1	Transient receptor potential cation channel subfamily V member 1		GO:0050960		Ensembl	NCBITaxon:9606	IEA	UniProtKB:Q704Y3|ensembl:ENSMUSP00000099585	PANTHER:PTHR10582	protein	UniProtKB:Q8NER1	GO_REF:0000107	20250313
UniProtKB:Q8NER1	Transient receptor potential cation channel subfamily V member 1		GO:0034605		UniProt	NCBITaxon:9606	IDA		PANTHER:PTHR10582	protein	UniProtKB:Q8NER1	PMID:11226139	20160720
UniProtKB:Q8NER1	Transient receptor potential cation channel subfamily V member 1		GO:0050965		Ensembl	NCBITaxon:9606	IEA	UniProtKB:Q704Y3|ensembl:ENSMUSP00000099585	PANTHER:PTHR10582	protein	UniProtKB:Q8NER1	GO_REF:0000107	20250313
UniProtKB:Q9UDY4	DnaJ homolog subfamily B member 4		GO:0009408		PINC	NCBITaxon:9606	TAS		PANTHER:PTHR24078	protein	UniProtKB:Q9UDY4	PMID:9546042	20030904
UniProtKB:Q96A56	Tumor protein p53-inducible nuclear protein 1		GO:0009408		Ensembl	NCBITaxon:9606	IEA	UniProtKB:Q9QXE4|ensembl:ENSMUSP00000029865	PANTHER:PTHR31671	protein	UniProtKB:Q96A56	GO_REF:0000107	20250313
UniProtKB:O75475	PC4 and SFRS1-interacting protein		GO:0009408		UniProt	NCBITaxon:9606	ISS	UniProtKB:Q99JF8	PANTHER:PTHR12550	protein	UniProtKB:O75475	GO_REF:0000024	20110617
UniProtKB:O75475	PC4 and SFRS1-interacting protein		GO:0009408		Ensembl	NCBITaxon:9606	IEA	UniProtKB:Q99JF8|ensembl:ENSMUSP00000030207	PANTHER:PTHR12550	protein	UniProtKB:O75475	GO_REF:0000107	20250313
UniProtKB:P30989	Neurotensin receptor type 1		GO:0050965		Ensembl	NCBITaxon:9606	IEA	UniProtKB:P20789|ensembl:ENSRNOP00000035997	PANTHER:PTHR24243	protein	UniProtKB:P30989	GO_REF:0000107	20250313
UniProtKB:O95391	Pre-mRNA-splicing factor SLU7		GO:0034605		UniProt	NCBITaxon:9606	IDA		PANTHER:PTHR12942	protein	UniProtKB:O95391	PMID:21122810	20131127
UniProtKB:Q9Y5S1	Transient receptor potential cation channel subfamily V member 2		GO:0009266		MGI	NCBITaxon:9606	IDA		PANTHER:PTHR10582	protein	UniProtKB:Q9Y5S1	PMID:10201375	20081007
UniProtKB:P17066	Heat shock 70 kDa protein 6	not	GO:0070370		UniProt	NCBITaxon:9606	IMP		PANTHER:PTHR19375	protein	UniProtKB:P17066	PMID:21231916	20140404
UniProtKB:P17066	Heat shock 70 kDa protein 6		GO:0034605		UniProt	NCBITaxon:9606	IMP		PANTHER:PTHR19375	protein	UniProtKB:P17066	PMID:21597468	20150121
UniProtKB:P17066	Heat shock 70 kDa protein 6		GO:0034605		UniProt	NCBITaxon:9606	IDA		PANTHER:PTHR19375	protein	UniProtKB:P17066	PMID:24061851	20140403
UniProtKB:Q16082	Heat shock protein beta-2		GO:0009408		GO_Central	NCBITaxon:9606	IBA	PANTHER:PTN000897708|FB:FBgn0035817|FB:FBgn0001223|FB:FBgn0001226|FB:FBgn0011296|ZFIN:ZDB-GENE-030326-4|WB:WBGene00002019|FB:FBgn0001225|FB:FBgn0001229|WB:WBGene00002016|UniProtKB:Q00649|FB:FBgn0001227|WB:WBGene00004798|FB:FBgn0001224|WB:WBGene00002015|FB:FBgn0035982|WB:WBGene00002018	PANTHER:PTHR45640	protein		GO_REF:0000033	20230604
UniProtKB:Q9UBN7	Protein deacetylase HDAC6		GO:0034605		Reactome	NCBITaxon:9606	TAS		PANTHER:PTHR10625	protein	UniProtKB:Q9UBN7	Reactome:R-HSA-3371511	20241117
UniProtKB:P00441	Superoxide dismutase [Cu-Zn]		GO:0009408		Ensembl	NCBITaxon:9606	IEA	UniProtKB:P08228|ensembl:ENSMUSP00000023707	PANTHER:PTHR10003	protein	UniProtKB:P00441	GO_REF:0000107	20250313
UniProtKB:P00441	Superoxide dismutase [Cu-Zn]		GO:0009408		UniProt	NCBITaxon:9606	ISS	UniProtKB:P08228	PANTHER:PTHR10003	protein	UniProtKB:P00441	GO_REF:0000024	20070813
UniProtKB:Q9UHM6	Melanopsin		GO:0043052		Ensembl	NCBITaxon:9606	IEA	UniProtKB:Q9QXZ9|ensembl:ENSMUSP00000022331	PANTHER:PTHR24240	protein	UniProtKB:Q9UHM6	GO_REF:0000107	20250313
UniProtKB:Q9UHM6	Melanopsin		GO:0050960		Ensembl	NCBITaxon:9606	IEA	UniProtKB:Q9QXZ9|ensembl:ENSMUSP00000022331	PANTHER:PTHR24240	protein	UniProtKB:Q9UHM6	GO_REF:0000107	20250313
UniProtKB:P20366	Protachykinin-1		GO:0050965		UniProt	NCBITaxon:9606	IDA		PANTHER:PTHR11250	protein	UniProtKB:P20366-PRO_0000033530	PMID:17655832	20170922
UniProtKB:P30542	Adenosine receptor A1		GO:0050965		Ensembl	NCBITaxon:9606	IEA	UniProtKB:P25099|ensembl:ENSRNOP00000104393	PANTHER:PTHR24246	protein	UniProtKB:P30542	GO_REF:0000107	20250313
UniProtKB:Q9UER7	Death domain-associated protein 6		GO:0034605		UniProt	NCBITaxon:9606	IDA		PANTHER:PTHR12766	protein	UniProtKB:Q9UER7	PMID:15016915	20161201
UniProtKB:P49748	Very long-chain specific acyl-CoA dehydrogenase, mitochondrial		GO:0009409		Ensembl	NCBITaxon:9606	IEA	UniProtKB:P50544|ensembl:ENSMUSP00000099634	PANTHER:PTHR43884	protein	UniProtKB:P49748	GO_REF:0000107	20250313
UniProtKB:Q5VY09	Immediate early response gene 5 protein		GO:0034605		UniProt	NCBITaxon:9606	IDA		PANTHER:PTHR15895	protein	UniProtKB:Q5VY09	PMID:25816751	20170106
UniProtKB:Q9UBG3	Cornulin		GO:0009408		UniProt	NCBITaxon:9606	IDA		PANTHER:PTHR11639	protein	UniProtKB:Q9UBG3	PMID:11606197	20040811
UniProtKB:P0C851	Phosphoinositide-interacting protein		GO:0009408		Ensembl	NCBITaxon:9606	IEA	UniProtKB:Q8BFY0|ensembl:ENSMUSP00000128117	PANTHER:PTHR16100	protein	UniProtKB:P0C851	GO_REF:0000107	20250313
UniProtKB:P12270	Nucleoprotein TPR		GO:0031990		UniProt	NCBITaxon:9606	IDA		PANTHER:PTHR18898	protein	UniProtKB:P12270	PMID:17897941	20130118
UniProtKB:P12270	Nucleoprotein TPR		GO:0034605		UniProt	NCBITaxon:9606	IDA		PANTHER:PTHR18898	protein	UniProtKB:P12270	PMID:17897941	20130118
UniProtKB:O95847	Mitochondrial uncoupling protein 4		GO:0009409		GO_Central	NCBITaxon:9606	IBA	PANTHER:PTN001942541|WB:WBGene00006729	PANTHER:PTHR45618	protein		GO_REF:0000033	20170228
UniProtKB:O75340	Programmed cell death protein 6		GO:0034605		UniProt	NCBITaxon:9606	IDA		PANTHER:PTHR46212	protein	UniProtKB:O75340	PMID:21122810	20131127
UniProtKB:O95817	BAG family molecular chaperone regulator 3		GO:0034605		UniProt	NCBITaxon:9606	IDA		PANTHER:PTHR12329	protein	UniProtKB:O95817	PMID:26159920	20161130
UniProtKB:Q9H078	Mitochondrial disaggregase		GO:0034605		UniProt	NCBITaxon:9606	IDA		PANTHER:PTHR11638	protein	UniProtKB:Q9H078	PMID:2745427	20081219
UniProtKB:Q9H078	Mitochondrial disaggregase		GO:0034605		GO_Central	NCBITaxon:9606	IBA	PANTHER:PTN000181243|SGD:S000003949|UniProtKB:Q9H078|CGD:CAL0000200274|dictyBase:DDB_G0291314|SGD:S000002666|PomBase:SPBC16D10.08c|UniProtKB:Q6F2Y7	PANTHER:PTHR11638	protein		GO_REF:0000033	20250411
UniProtKB:Q9UI33	Sodium channel protein type 11 subunit alpha		GO:0009408		Ensembl	NCBITaxon:9606	IEA	UniProtKB:Q9R053|ensembl:ENSMUSP00000149420	PANTHER:PTHR45628	protein	UniProtKB:Q9UI33	GO_REF:0000107	20250313
UniProtKB:Q9UI33	Sodium channel protein type 11 subunit alpha		GO:0009409		Ensembl	NCBITaxon:9606	IEA	UniProtKB:Q9R053|ensembl:ENSMUSP00000149420	PANTHER:PTHR45628	protein	UniProtKB:Q9UI33	GO_REF:0000107	20250313
UniProtKB:Q9UI33	Sodium channel protein type 11 subunit alpha		GO:0040040		Ensembl	NCBITaxon:9606	IEA	UniProtKB:Q9R053|ensembl:ENSMUSP00000149420	PANTHER:PTHR45628	protein	UniProtKB:Q9UI33	GO_REF:0000107	20250313
UniProtKB:Q9UI33	Sodium channel protein type 11 subunit alpha		GO:0050965		Ensembl	NCBITaxon:9606	IEA	UniProtKB:Q9R053|ensembl:ENSMUSP00000149420	PANTHER:PTHR45628	protein	UniProtKB:Q9UI33	GO_REF:0000107	20250313
UniProtKB:Q9UI33	Sodium channel protein type 11 subunit alpha		GO:0070417		Ensembl	NCBITaxon:9606	IEA	UniProtKB:Q9R053|ensembl:ENSMUSP00000149420	PANTHER:PTHR45628	protein	UniProtKB:Q9UI33	GO_REF:0000107	20250313
UniProtKB:P10588	Nuclear receptor subfamily 2 group F member 6		GO:0050965		Ensembl	NCBITaxon:9606	IEA	UniProtKB:P43136|ensembl:ENSMUSP00000002466	PANTHER:PTHR24083	protein	UniProtKB:P10588	GO_REF:0000107	20250313
UniProtKB:Q9UI10	Translation initiation factor eIF2B subunit delta		GO:0009408		UniProt	NCBITaxon:9606	ISS	UniProtKB:Q63186	PANTHER:PTHR10233	protein	UniProtKB:Q9UI10	GO_REF:0000024	20060913
UniProtKB:Q9UI10	Translation initiation factor eIF2B subunit delta		GO:0009408		UniProt	NCBITaxon:9606	TAS		PANTHER:PTHR10233	protein	UniProtKB:Q9UI10	PMID:12499492	20060912
UniProtKB:Q16576	Histone-binding protein RBBP7		GO:0070370		UniProt	NCBITaxon:9606	IDA		PANTHER:PTHR22850	protein	UniProtKB:Q16576	PMID:7503932	20091207
UniProtKB:O75506	Heat shock factor-binding protein 1		GO:0070370		GO_Central	NCBITaxon:9606	IBA	PANTHER:PTN000454531|TAIR:locus:1005716315	PANTHER:PTHR19424	protein		GO_REF:0000033	20170509
UniProtKB:Q96EY1	DnaJ homolog subfamily A member 3, mitochondrial		GO:0009408		InterPro	NCBITaxon:9606	IEA	InterPro:IPR012724	PANTHER:PTHR44145	protein	UniProtKB:Q96EY1	GO_REF:0000002	20250429
UniProtKB:Q9UHG2	ProSAAS		GO:0009409		Ensembl	NCBITaxon:9606	IEA	UniProtKB:Q9QXV0|ensembl:ENSMUSP00000040342	PANTHER:PTHR15531	protein	UniProtKB:Q9UHG2	GO_REF:0000107	20250313
UniProtKB:Q9UHC3	Acid-sensing ion channel 3		GO:0009408		Ensembl	NCBITaxon:9606	IEA	UniProtKB:Q6X1Y6|ensembl:ENSMUSP00000143083	PANTHER:PTHR11690	protein	UniProtKB:Q9UHC3	GO_REF:0000107	20250313
UniProtKB:Q9UHC3	Acid-sensing ion channel 3		GO:0050961		Ensembl	NCBITaxon:9606	IEA	UniProtKB:Q6X1Y6|ensembl:ENSMUSP00000143083	PANTHER:PTHR11690	protein	UniProtKB:Q9UHC3	GO_REF:0000107	20250313
UniProtKB:Q9UHC3	Acid-sensing ion channel 3		GO:0050965		Ensembl	NCBITaxon:9606	IEA	UniProtKB:Q6X1Y6|ensembl:ENSMUSP00000143083	PANTHER:PTHR11690	protein	UniProtKB:Q9UHC3	GO_REF:0000107	20250313
UniProtKB:Q9H2U1	ATP-dependent DNA/RNA helicase DHX36		GO:0034605		UniProt	NCBITaxon:9606	IDA		PANTHER:PTHR18934	protein	UniProtKB:Q9H2U1	PMID:18854321	20180717
UniProtKB:P10636	Microtubule-associated protein tau		GO:0034605	"{""relationship"": {""relation"": [{""id"": ""BFO:0000066"", ""label"": ""occurs in""}], ""id"": ""CL:0000117"", ""label"": ""CNS neuron (sensu Vertebrata)""}}"	ParkinsonsUK-UCL	NCBITaxon:9606	TAS		PANTHER:PTHR11501	protein	UniProtKB:P10636	PMID:26363795	20161116
UniProtKB:P07550	Beta-2 adrenergic receptor		GO:0009409		Ensembl	NCBITaxon:9606	IEA	UniProtKB:P18762|ensembl:ENSMUSP00000062256	PANTHER:PTHR24248	protein	UniProtKB:P07550	GO_REF:0000107	20250313
UniProtKB:Q9H4Q4	PR domain zinc finger protein 12		GO:0050965		MGI	NCBITaxon:9606	IMP		PANTHER:PTHR16515	protein	UniProtKB:Q9H4Q4	PMID:26005867	20160810
UniProtKB:Q9NQ40	Solute carrier family 52, riboflavin transporter, member 3		GO:0034605		Ensembl	NCBITaxon:9606	IEA	UniProtKB:Q9D6X5|ensembl:ENSMUSP00000072961	PANTHER:PTHR12929	protein	UniProtKB:Q9NQ40	GO_REF:0000107	20250313
UniProtKB:P51617	Interleukin-1 receptor-associated kinase 1		GO:0034605		Ensembl	NCBITaxon:9606	IEA	UniProtKB:A0A0G2JYX9|ensembl:ENSRNOP00000070832	PANTHER:PTHR24419	protein	UniProtKB:P51617	GO_REF:0000107	20250313
UniProtKB:P04792	Heat shock protein beta-1		GO:0009408		GO_Central	NCBITaxon:9606	IBA	PANTHER:PTN000897708|FB:FBgn0035817|FB:FBgn0001223|FB:FBgn0001226|FB:FBgn0011296|ZFIN:ZDB-GENE-030326-4|WB:WBGene00002019|FB:FBgn0001225|FB:FBgn0001229|WB:WBGene00002016|UniProtKB:Q00649|FB:FBgn0001227|WB:WBGene00004798|FB:FBgn0001224|WB:WBGene00002015|FB:FBgn0035982|WB:WBGene00002018	PANTHER:PTHR45640	protein		GO_REF:0000033	20230604
UniProtKB:P48061	Stromal cell-derived factor 1		GO:0050965		Ensembl	NCBITaxon:9606	IEA	UniProtKB:Q80YV8|ensembl:ENSRNOP00000059574	PANTHER:PTHR12015	protein	UniProtKB:P48061	GO_REF:0000107	20250313
UniProtKB:P05019	Insulin-like growth factor 1		GO:0009408		AgBase	NCBITaxon:9606	IDA		PANTHER:PTHR46845	protein	UniProtKB:P05019	PMID:11404306	20141202
UniProtKB:Q29983	MHC class I polypeptide-related sequence A		GO:0009408		UniProt	NCBITaxon:9606	IEA	ARBA:ARBA00028092	PANTHER:PTHR16675	protein	UniProtKB:Q29983	GO_REF:0000117	20250428
UniProtKB:Q29983	MHC class I polypeptide-related sequence A		GO:0009408		UniProt	NCBITaxon:9606	IDA		PANTHER:PTHR16675	protein	UniProtKB:Q29983	PMID:8901601	20080425
UniProtKB:Q29980	MHC class I polypeptide-related sequence B		GO:0009408		UniProt	NCBITaxon:9606	IEA	ARBA:ARBA00028092	PANTHER:PTHR16675	protein	UniProtKB:Q29980	GO_REF:0000117	20250428
UniProtKB:Q29980	MHC class I polypeptide-related sequence B		GO:0009408		UniProt	NCBITaxon:9606	IDA		PANTHER:PTHR16675	protein	UniProtKB:Q29980	PMID:9497295	20080429
UniProtKB:P13945	Beta-3 adrenergic receptor		GO:0009409		Ensembl	NCBITaxon:9606	IEA	UniProtKB:P25962|ensembl:ENSMUSP00000113732	PANTHER:PTHR24248	protein	UniProtKB:P13945	GO_REF:0000107	20250313
UniProtKB:Q9UM19	Hippocalcin-like protein 4		GO:0009408		Ensembl	NCBITaxon:9606	IEA	UniProtKB:Q8BGZ1|ensembl:ENSMUSP00000051487	PANTHER:PTHR23055	protein	UniProtKB:Q9UM19	GO_REF:0000107	20250313
UniProtKB:Q12798	Centrin-1		GO:0034605		Ensembl	NCBITaxon:9606	IEA	UniProtKB:P41209|ensembl:ENSMUSP00000057392	PANTHER:PTHR23050	protein	UniProtKB:Q12798	GO_REF:0000107	20250313
UniProtKB:Q969K3	E3 ubiquitin-protein ligase RNF34		GO:0070417		Ensembl	NCBITaxon:9606	IEA	UniProtKB:Q99KR6|ensembl:ENSMUSP00000031434	PANTHER:PTHR14879	protein	UniProtKB:Q969K3	GO_REF:0000107	20250313
UniProtKB:P10827	Thyroid hormone receptor alpha		GO:0009409		Ensembl	NCBITaxon:9606	IEA	UniProtKB:P63058|ensembl:ENSMUSP00000099428	PANTHER:PTHR24082	protein	UniProtKB:P10827	GO_REF:0000107	20250313
UniProtKB:Q96HE7	ERO1-like protein alpha		GO:0009266		PINC	NCBITaxon:9606	TAS		PANTHER:PTHR12613	protein	UniProtKB:Q96HE7	PMID:10671517	20061107
UniProtKB:P28223	5-hydroxytryptamine receptor 2A		GO:0050965		Ensembl	NCBITaxon:9606	IEA	UniProtKB:P14842|ensembl:ENSRNOP00000013408	PANTHER:PTHR24247	protein	UniProtKB:P28223	GO_REF:0000107	20250313
UniProtKB:Q9NS18	Glutaredoxin-2, mitochondrial		GO:0009266		UniProt	NCBITaxon:9606	NAS		PANTHER:PTHR46679	protein	UniProtKB:Q9NS18	PMID:11397793	20031216
UniProtKB:P0DMV8	Heat shock 70 kDa protein 1A		GO:0034605		UniProt	NCBITaxon:9606	IDA		PANTHER:PTHR19375	protein	UniProtKB:P0DMV8	PMID:24061851	20150618
UniProtKB:P0DMV8	Heat shock 70 kDa protein 1A		GO:0034605		UniProt	NCBITaxon:9606	IDA		PANTHER:PTHR19375	protein	UniProtKB:P0DMV8	PMID:9499401	20220602
UniProtKB:P0DMV8	Heat shock 70 kDa protein 1A		GO:0070370		UniProt	NCBITaxon:9606	IEA	ARBA:ARBA00085201	PANTHER:PTHR19375	protein	UniProtKB:P0DMV8	GO_REF:0000117	20250428
UniProtKB:P0DMV8	Heat shock 70 kDa protein 1A		GO:0070370		UniProt	NCBITaxon:9606	IMP		PANTHER:PTHR19375	protein	UniProtKB:P0DMV8	PMID:21231916	20150618
UniProtKB:P0DMV9	Heat shock 70 kDa protein 1B		GO:0034605		UniProt	NCBITaxon:9606	IDA		PANTHER:PTHR19375	protein	UniProtKB:P0DMV9	PMID:24061851	20150618
UniProtKB:P0DMV9	Heat shock 70 kDa protein 1B		GO:0070370		UniProt	NCBITaxon:9606	IEA	ARBA:ARBA00085201	PANTHER:PTHR19375	protein	UniProtKB:P0DMV9	GO_REF:0000117	20250428
UniProtKB:P0DMV9	Heat shock 70 kDa protein 1B		GO:0070370		UniProt	NCBITaxon:9606	IMP		PANTHER:PTHR19375	protein	UniProtKB:P0DMV9	PMID:21231916	20150618
UniProtKB:P10809	60 kDa heat shock protein, mitochondrial		GO:0009409		AgBase	NCBITaxon:9606	ISS	UniProtKB:Q5ZL72	PANTHER:PTHR45633	protein	UniProtKB:P10809	GO_REF:0000024	20150620
UniProtKB:O60543	Lipid transferase CIDEA		GO:0070417		Ensembl	NCBITaxon:9606	IEA	UniProtKB:O70302|ensembl:ENSMUSP00000025404	PANTHER:PTHR12306	protein	UniProtKB:O60543	GO_REF:0000107	20250313
UniProtKB:Q14011	Cold-inducible RNA-binding protein		GO:0009409		UniProt	NCBITaxon:9606	IEA	ARBA:ARBA00028088	PANTHER:PTHR48034	protein	UniProtKB:Q14011	GO_REF:0000117	20250428
UniProtKB:Q14011	Cold-inducible RNA-binding protein		GO:0009409		PINC	NCBITaxon:9606	TAS		PANTHER:PTHR48034	protein	UniProtKB:Q14011	PMID:9151692	20030904
UniProtKB:P55916	Putative mitochondrial transporter UCP3		GO:0009409		GO_Central	NCBITaxon:9606	IBA	PANTHER:PTN001183920|MGI:MGI:98894	PANTHER:PTHR45618	protein		GO_REF:0000033	20230604
UniProtKB:P55851	Dicarboxylate carrier SLC25A8		GO:0009409		GO_Central	NCBITaxon:9606	IBA	PANTHER:PTN001183920|MGI:MGI:98894	PANTHER:PTHR45618	protein		GO_REF:0000033	20230604
UniProtKB:Q6ZMJ2	Scavenger receptor class A member 5		GO:0034605		Ensembl	NCBITaxon:9606	IEA	UniProtKB:Q8K299|ensembl:ENSMUSP00000022610	PANTHER:PTHR19331	protein	UniProtKB:Q6ZMJ2	GO_REF:0000107	20250313
UniProtKB:Q9P2K8	eIF-2-alpha kinase GCN2		GO:0070417		UniProt	NCBITaxon:9606	IMP		PANTHER:PTHR11042	protein	UniProtKB:Q9P2K8	PMID:25329545	20151029
UniProtKB:P08588	Beta-1 adrenergic receptor		GO:0009409		Ensembl	NCBITaxon:9606	IEA	UniProtKB:P34971|ensembl:ENSMUSP00000040847	PANTHER:PTHR24248	protein	UniProtKB:P08588	GO_REF:0000107	20250313
UniProtKB:Q9BUT9	MAPK regulated corepressor interacting protein 2		GO:0009409		Ensembl	NCBITaxon:9606	IEA	UniProtKB:Q9CQB2|ensembl:ENSMUSP00000026828		protein	UniProtKB:Q9BUT9	GO_REF:0000107	20250313
UniProtKB:Q00613	Heat shock factor protein 1		GO:0009408		Ensembl	NCBITaxon:9606	IEA	UniProtKB:P38532|ensembl:ENSMUSP00000154602	PANTHER:PTHR10015	protein	UniProtKB:Q00613	GO_REF:0000107	20250313
UniProtKB:Q00613	Heat shock factor protein 1		GO:0034605		Ensembl	NCBITaxon:9606	IEA	UniProtKB:A0A8I5Y5J6|ensembl:ENSRNOP00000076751	PANTHER:PTHR10015	protein	UniProtKB:Q00613	GO_REF:0000107	20250313
UniProtKB:Q00613	Heat shock factor protein 1		GO:0034605		UniProt	NCBITaxon:9606	IDA		PANTHER:PTHR10015	protein	UniProtKB:Q00613	PMID:10359787	20161019
UniProtKB:Q00613	Heat shock factor protein 1		GO:0034605		UniProt	NCBITaxon:9606	IDA		PANTHER:PTHR10015	protein	UniProtKB:Q00613	PMID:10413683	20161018
UniProtKB:Q00613	Heat shock factor protein 1		GO:0034605		GO_Central	NCBITaxon:9606	IDA		PANTHER:PTHR10015	protein	UniProtKB:Q00613	PMID:10747973	20220602
UniProtKB:Q00613	Heat shock factor protein 1		GO:0034605		UniProt	NCBITaxon:9606	IDA		PANTHER:PTHR10015	protein	UniProtKB:Q00613	PMID:11514557	20161007
UniProtKB:Q00613	Heat shock factor protein 1		GO:0034605		UniProt	NCBITaxon:9606	IDA		PANTHER:PTHR10015	protein	UniProtKB:Q00613	PMID:11583998	20161130
UniProtKB:Q00613	Heat shock factor protein 1		GO:0034605		UniProt	NCBITaxon:9606	IDA		PANTHER:PTHR10015	protein	UniProtKB:Q00613	PMID:12659875	20220602
UniProtKB:Q00613	Heat shock factor protein 1		GO:0034605		UniProt	NCBITaxon:9606	IDA		PANTHER:PTHR10015	protein	UniProtKB:Q00613	PMID:12665592	20220602
UniProtKB:Q00613	Heat shock factor protein 1		GO:0034605		UniProt	NCBITaxon:9606	IDA		PANTHER:PTHR10015	protein	UniProtKB:Q00613	PMID:12917326	20161213
UniProtKB:Q00613	Heat shock factor protein 1		GO:0034605		UniProt	NCBITaxon:9606	IDA		PANTHER:PTHR10015	protein	UniProtKB:Q00613	PMID:14707147	20161012
UniProtKB:Q00613	Heat shock factor protein 1		GO:0034605		UniProt	NCBITaxon:9606	IDA		PANTHER:PTHR10015	protein	UniProtKB:Q00613	PMID:16554823	20161201
UniProtKB:Q00613	Heat shock factor protein 1		GO:0034605		UniProt	NCBITaxon:9606	IDA		PANTHER:PTHR10015	protein	UniProtKB:Q00613	PMID:17897941	20130118
UniProtKB:Q00613	Heat shock factor protein 1		GO:0034605		UniProt	NCBITaxon:9606	IDA		PANTHER:PTHR10015	protein	UniProtKB:Q00613	PMID:21085490	20161212
UniProtKB:Q00613	Heat shock factor protein 1		GO:0034605		UniProt	NCBITaxon:9606	IDA		PANTHER:PTHR10015	protein	UniProtKB:Q00613	PMID:26159920	20161130
UniProtKB:Q00613	Heat shock factor protein 1		GO:0034605		UniProt	NCBITaxon:9606	IDA		PANTHER:PTHR10015	protein	UniProtKB:Q00613	PMID:7760831	20220602
UniProtKB:Q00613	Heat shock factor protein 1		GO:0034605		UniProt	NCBITaxon:9606	IDA		PANTHER:PTHR10015	protein	UniProtKB:Q00613	PMID:7935471	20161125
UniProtKB:Q00613	Heat shock factor protein 1		GO:0034605		UniProt	NCBITaxon:9606	IMP		PANTHER:PTHR10015	protein	UniProtKB:Q00613	PMID:8455624	20161006
UniProtKB:Q00613	Heat shock factor protein 1		GO:0034605		UniProt	NCBITaxon:9606	IDA		PANTHER:PTHR10015	protein	UniProtKB:Q00613	PMID:9222587	20161128
UniProtKB:Q00613	Heat shock factor protein 1		GO:0034605		UniProt	NCBITaxon:9606	IDA		PANTHER:PTHR10015	protein	UniProtKB:Q00613	PMID:9341107	20161012
UniProtKB:Q00613	Heat shock factor protein 1		GO:0034605		UniProt	NCBITaxon:9606	IDA		PANTHER:PTHR10015	protein	UniProtKB:Q00613	PMID:9499401	20220602
UniProtKB:Q00613	Heat shock factor protein 1		GO:0034605		UniProt	NCBITaxon:9606	IMP		PANTHER:PTHR10015	protein	UniProtKB:Q00613	PMID:9727490	20161006
UniProtKB:P21964	Catechol O-methyltransferase		GO:0009266		Ensembl	NCBITaxon:9606	IEA	UniProtKB:O88587|ensembl:ENSMUSP00000130077	PANTHER:PTHR43836	protein	UniProtKB:P21964	GO_REF:0000107	20250313
UniProtKB:P21964	Catechol O-methyltransferase		GO:0050965		Ensembl	NCBITaxon:9606	IEA	UniProtKB:O88587|ensembl:ENSMUSP00000130077	PANTHER:PTHR43836	protein	UniProtKB:P21964	GO_REF:0000107	20250313
UniProtKB:P08138	Tumor necrosis factor receptor superfamily member 16		GO:0016048		Ensembl	NCBITaxon:9606	IEA	UniProtKB:Q9Z0W1|ensembl:ENSMUSP00000000122	PANTHER:PTHR46605	protein	UniProtKB:P08138	GO_REF:0000107	20250313
UniProtKB:P08100	Rhodopsin		GO:0043052		Ensembl	NCBITaxon:9606	IEA	UniProtKB:P15409|ensembl:ENSMUSP00000032471	PANTHER:PTHR24240	protein	UniProtKB:P08100	GO_REF:0000107	20250313
UniProtKB:P08100	Rhodopsin		GO:0050960		Ensembl	NCBITaxon:9606	IEA	UniProtKB:P15409|ensembl:ENSMUSP00000032471	PANTHER:PTHR24240	protein	UniProtKB:P08100	GO_REF:0000107	20250313
UniProtKB:Q641Q3	Meteorin-like protein		GO:0009409		UniProt	NCBITaxon:9606	ISS	UniProtKB:Q8VE43	PANTHER:PTHR28593	protein	UniProtKB:Q641Q3	GO_REF:0000024	20140701
UniProtKB:Q641Q3	Meteorin-like protein		GO:0009409		Ensembl	NCBITaxon:9606	IEA	UniProtKB:Q8VE43|ensembl:ENSMUSP00000038126	PANTHER:PTHR28593	protein	UniProtKB:Q641Q3	GO_REF:0000107	20250313
UniProtKB:P31749	RAC-alpha serine/threonine-protein kinase		GO:0009408		Ensembl	NCBITaxon:9606	IEA	UniProtKB:P31750|ensembl:ENSMUSP00000001780	PANTHER:PTHR24356	protein	UniProtKB:P31749	GO_REF:0000107	20250313
UniProtKB:P31749	RAC-alpha serine/threonine-protein kinase		GO:0009408		PINC	NCBITaxon:9606	TAS		PANTHER:PTHR24356	protein	UniProtKB:P31749	PMID:10958679	20030904
UniProtKB:O94759	Transient receptor potential cation channel subfamily M member 2		GO:0009408		Ensembl	NCBITaxon:9606	IEA	UniProtKB:Q91YD4|ensembl:ENSMUSP00000101040	PANTHER:PTHR13800	protein	UniProtKB:O94759	GO_REF:0000107	20250313
UniProtKB:O94759	Transient receptor potential cation channel subfamily M member 2		GO:0071502		UniProt	NCBITaxon:9606	ISS	UniProtKB:Q91YD4	PANTHER:PTHR13800	protein	UniProtKB:O94759	GO_REF:0000024	20160915
UniProtKB:O94759	Transient receptor potential cation channel subfamily M member 2		GO:0071502		Ensembl	NCBITaxon:9606	IEA	UniProtKB:Q91YD4|ensembl:ENSMUSP00000101040	PANTHER:PTHR13800	protein	UniProtKB:O94759	GO_REF:0000107	20250313
UniProtKB:P31689	DnaJ homolog subfamily A member 1		GO:0009408		InterPro	NCBITaxon:9606	IEA	InterPro:IPR012724	PANTHER:PTHR43888	protein	UniProtKB:P31689	GO_REF:0000002	20250429
UniProtKB:Q14232	Translation initiation factor eIF2B subunit alpha		GO:0009408		UniProt	NCBITaxon:9606	ISS	UniProtKB:Q64270	PANTHER:PTHR45860	protein	UniProtKB:Q14232	GO_REF:0000024	20060913
UniProtKB:Q14232	Translation initiation factor eIF2B subunit alpha		GO:0009408		UniProt	NCBITaxon:9606	TAS		PANTHER:PTHR45860	protein	UniProtKB:Q14232	PMID:12499492	20060912
UniProtKB:Q6PCB7	Long-chain fatty acid transport protein 1		GO:0009409		Ensembl	NCBITaxon:9606	IEA	UniProtKB:Q60714|ensembl:ENSMUSP00000034267	PANTHER:PTHR43107	protein	UniProtKB:Q6PCB7	GO_REF:0000107	20250313
UniProtKB:P11387	DNA topoisomerase 1		GO:0009266		Ensembl	NCBITaxon:9606	IEA	UniProtKB:Q9WUL0|ensembl:ENSRNOP00000076575	PANTHER:PTHR10290	protein	UniProtKB:P11387	GO_REF:0000107	20250313
UniProtKB:P38571	Lysosomal acid lipase/cholesteryl ester hydrolase		GO:0009409		Ensembl	NCBITaxon:9606	IEA	UniProtKB:Q9Z0M5|ensembl:ENSMUSP00000053270	PANTHER:PTHR11005	protein	UniProtKB:P38571	GO_REF:0000107	20250313
UniProtKB:P11310	Medium-chain specific acyl-CoA dehydrogenase, mitochondrial		GO:0009409		Ensembl	NCBITaxon:9606	IEA	UniProtKB:P45952|ensembl:ENSMUSP00000072483	PANTHER:PTHR48083	protein	UniProtKB:P11310	GO_REF:0000107	20250313
UniProtKB:P01583	Interleukin-1 alpha		GO:0034605		UniProt	NCBITaxon:9606	IDA		PANTHER:PTHR10078	protein	UniProtKB:P01583	PMID:12746488	20091130
UniProtKB:P08238	Heat shock protein HSP 90-beta		GO:0034605		Ensembl	NCBITaxon:9606	IEA	UniProtKB:P11499|ensembl:ENSMUSP00000024739	PANTHER:PTHR11528	protein	UniProtKB:P08238	GO_REF:0000107	20250313
UniProtKB:P08238	Heat shock protein HSP 90-beta		GO:0034605		GO_Central	NCBITaxon:9606	IBA	PANTHER:PTN000163629|MGI:MGI:96247|SGD:S000004798|WB:WBGene00000915|CGD:CAL0000201062|MGI:MGI:96250	PANTHER:PTHR11528	protein		GO_REF:0000033	20210904
UniProtKB:P55072	Transitional endoplasmic reticulum ATPase		GO:0034605		UniProt	NCBITaxon:9606	IMP		PANTHER:PTHR23077	protein	UniProtKB:P55072	PMID:29804830	20180712
UniProtKB:P62258	14-3-3 protein epsilon		GO:0034605		UniProt	NCBITaxon:9606	IDA		PANTHER:PTHR18860	protein	UniProtKB:P62258	PMID:12917326	20161213
UniProtKB:Q14494	Endoplasmic reticulum membrane sensor NFE2L1		GO:0070417		Ensembl	NCBITaxon:9606	IEA	UniProtKB:Q61985|ensembl:ENSMUSP00000128527	PANTHER:PTHR24411	protein	UniProtKB:Q14494	GO_REF:0000107	20250313
UniProtKB:P25685	DnaJ homolog subfamily B member 1		GO:0034605		UniProt	NCBITaxon:9606	IDA		PANTHER:PTHR24078	protein	UniProtKB:P25685	PMID:9499401	20220602
UniProtKB:P05198	Eukaryotic translation initiation factor 2 subunit 1		GO:0034605		Ensembl	NCBITaxon:9606	IEA	UniProtKB:P68101|ensembl:ENSRNOP00000013375	PANTHER:PTHR10602	protein	UniProtKB:P05198	GO_REF:0000107	20250313
UniProtKB:O43320	Fibroblast growth factor 16		GO:0009266		PINC	NCBITaxon:9606	TAS		PANTHER:PTHR11486	protein	UniProtKB:O43320	PMID:9473496	20030904
UniProtKB:P05230	Fibroblast growth factor 1		GO:0034605		UniProt	NCBITaxon:9606	IDA		PANTHER:PTHR11486	protein	UniProtKB:P05230	PMID:12746488	20091130
UniProtKB:O43464	Serine protease HTRA2, mitochondrial		GO:0034605		UniProt	NCBITaxon:9606	IDA		PANTHER:PTHR22939	protein	UniProtKB:O43464	PMID:10971580	20131122
UniProtKB:Q0VDG4	Secernin-3		GO:0050965		UniProt	NCBITaxon:9606	ISS	UniProtKB:Q3TMH2	PANTHER:PTHR12994	protein	UniProtKB:Q0VDG4	GO_REF:0000024	20241022
UniProtKB:Q0VDG4	Secernin-3		GO:0050965		Ensembl	NCBITaxon:9606	IEA	UniProtKB:Q3TMH2|ensembl:ENSMUSP00000088320	PANTHER:PTHR12994	protein	UniProtKB:Q0VDG4	GO_REF:0000107	20250313
UniProtKB:P25874	Mitochondrial brown fat uncoupling protein 1		GO:0009266		UniProt	NCBITaxon:9606	ISS	UniProtKB:P12242	PANTHER:PTHR45618	protein	UniProtKB:P25874	GO_REF:0000024	20160919
UniProtKB:P25874	Mitochondrial brown fat uncoupling protein 1		GO:0009266		Ensembl	NCBITaxon:9606	IEA	UniProtKB:P12242|ensembl:ENSMUSP00000034146	PANTHER:PTHR45618	protein	UniProtKB:P25874	GO_REF:0000107	20250313
UniProtKB:P25874	Mitochondrial brown fat uncoupling protein 1		GO:0070417		Ensembl	NCBITaxon:9606	IEA	UniProtKB:P12242|ensembl:ENSMUSP00000034146	PANTHER:PTHR45618	protein	UniProtKB:P25874	GO_REF:0000107	20250313
UniProtKB:P25874	Mitochondrial brown fat uncoupling protein 1		GO:0009409		GO_Central	NCBITaxon:9606	IBA	PANTHER:PTN001183920|MGI:MGI:98894	PANTHER:PTHR45618	protein		GO_REF:0000033	20230604
UniProtKB:P42345	Serine/threonine-protein kinase mTOR		GO:0009408		Ensembl	NCBITaxon:9606	IEA	UniProtKB:Q9JLN9|ensembl:ENSMUSP00000099510	PANTHER:PTHR11139	protein	UniProtKB:P42345	GO_REF:0000107	20250313
UniProtKB:P25963	NF-kappa-B inhibitor alpha		GO:0070417		BHF-UCL	NCBITaxon:9606	NAS		PANTHER:PTHR46680	protein	UniProtKB:P25963	PMID:16750872	20110207
UniProtKB:Q14568	Heat shock protein HSP 90-alpha A2		GO:0034605		GO_Central	NCBITaxon:9606	IBA	PANTHER:PTN000163629|MGI:MGI:96247|SGD:S000004798|WB:WBGene00000915|CGD:CAL0000201062|MGI:MGI:96250	PANTHER:PTHR11528	protein		GO_REF:0000033	20210904
UniProtKB:A6NNA5	Dorsal root ganglia homeobox protein		GO:0016048		Ensembl	NCBITaxon:9606	IEA	UniProtKB:Q8BYH0|ensembl:ENSMUSP00000140337	PANTHER:PTHR24329	protein	UniProtKB:A6NNA5	GO_REF:0000107	20250313
UniProtKB:P31415	Calsequestrin-1		GO:0009408		Ensembl	NCBITaxon:9606	IEA	UniProtKB:O09165|ensembl:ENSMUSP00000003554	PANTHER:PTHR10033	protein	UniProtKB:P31415	GO_REF:0000107	20250313
UniProtKB:Q53FT3	Protein Hikeshi		GO:0034605		UniProt	NCBITaxon:9606	IDA		PANTHER:PTHR12925	protein	UniProtKB:Q53FT3	PMID:22541429	20120503
UniProtKB:Q9HBA0	Transient receptor potential cation channel subfamily V member 4		GO:0034605		UniProt	NCBITaxon:9606	ISS	UniProtKB:Q9EPK8	PANTHER:PTHR10582	protein	UniProtKB:Q9HBA0	GO_REF:0000024	20130425
UniProtKB:Q9HBA0	Transient receptor potential cation channel subfamily V member 4		GO:0034605		Ensembl	NCBITaxon:9606	IEA	UniProtKB:Q9EPK8|ensembl:ENSMUSP00000071859	PANTHER:PTHR10582	protein	UniProtKB:Q9HBA0	GO_REF:0000107	20250313
UniProtKB:Q86VZ4	Low-density lipoprotein receptor-related protein 11		GO:0009408		Ensembl	NCBITaxon:9606	IEA	UniProtKB:Q8CB67|ensembl:ENSMUSP00000019931	PANTHER:PTHR46876	protein	UniProtKB:Q86VZ4	GO_REF:0000107	20250313
UniProtKB:Q86VZ4	Low-density lipoprotein receptor-related protein 11		GO:0009409		Ensembl	NCBITaxon:9606	IEA	UniProtKB:Q8CB67|ensembl:ENSMUSP00000019931	PANTHER:PTHR46876	protein	UniProtKB:Q86VZ4	GO_REF:0000107	20250313
