UniProtKB:Q92618	Zinc finger protein 516		GO:0120162		Ensembl	NCBITaxon:9606	IEA	UniProtKB:Q7TSH3|ensembl:ENSMUSP00000126629	PANTHER:PTHR45925	protein	UniProtKB:Q92618	GO_REF:0000107	20250313
UniProtKB:Q92618	Zinc finger protein 516		GO:0120162		YuBioLab	NCBITaxon:9606	ISS	UniProtKB:Q7TSH3	PANTHER:PTHR45925	protein	UniProtKB:Q92618	PMID:25578880	20180612
UniProtKB:Q86V24	Adiponectin receptor protein 2		GO:0120162		Ensembl	NCBITaxon:9606	IEA	UniProtKB:Q8BQS5|ensembl:ENSMUSP00000032272	PANTHER:PTHR20855	protein	UniProtKB:Q86V24	GO_REF:0000107	20250313
UniProtKB:Q86V24	Adiponectin receptor protein 2		GO:0120162		YuBioLab	NCBITaxon:9606	ISS	UniProtKB:Q8BQS5	PANTHER:PTHR20855	protein	UniProtKB:Q86V24	PMID:24531262	20180612
UniProtKB:Q99788	Chemerin-like receptor 1		GO:0120162		Ensembl	NCBITaxon:9606	IEA	UniProtKB:P97468|ensembl:ENSMUSP00000036316	PANTHER:PTHR24225	protein	UniProtKB:Q99788	GO_REF:0000107	20250313
UniProtKB:Q99788	Chemerin-like receptor 1		GO:0120162		YuBioLab	NCBITaxon:9606	ISS	UniProtKB:P97468	PANTHER:PTHR24225	protein	UniProtKB:Q99788	PMID:26972253	20180612
UniProtKB:O15294	UDP-N-acetylglucosamine--peptide N-acetylglucosaminyltransferase 110 kDa subunit		GO:0120162		Ensembl	NCBITaxon:9606	IEA	UniProtKB:Q8CGY8|ensembl:ENSMUSP00000045409	PANTHER:PTHR44366	protein	UniProtKB:O15294	GO_REF:0000107	20250313
UniProtKB:O15294	UDP-N-acetylglucosamine--peptide N-acetylglucosaminyltransferase 110 kDa subunit		GO:0120162		YuBioLab	NCBITaxon:9606	ISS	UniProtKB:Q8CGY8	PANTHER:PTHR44366	protein	UniProtKB:O15294	PMID:28637651	20180612
UniProtKB:Q8N6T7	NAD-dependent protein deacylase sirtuin-6		GO:0120162		UniProt	NCBITaxon:9606	ISS	UniProtKB:P59941	PANTHER:PTHR11085	protein	UniProtKB:Q8N6T7	GO_REF:0000024	20220301
UniProtKB:Q8N6T7	NAD-dependent protein deacylase sirtuin-6		GO:0120162		Ensembl	NCBITaxon:9606	IEA	UniProtKB:P59941|ensembl:ENSMUSP00000048971	PANTHER:PTHR11085	protein	UniProtKB:Q8N6T7	GO_REF:0000107	20250313
UniProtKB:Q8N6T7	NAD-dependent protein deacylase sirtuin-6		GO:0120162		YuBioLab	NCBITaxon:9606	ISS	UniProtKB:P59941	PANTHER:PTHR11085	protein	UniProtKB:Q8N6T7	PMID:28723567	20180612
UniProtKB:P63092	Guanine nucleotide-binding protein G(s) subunit alpha isoforms short		GO:0120162		YuBioLab	NCBITaxon:9606	ISS	UniProtKB:Q6R0H7		protein	UniProtKB:P63092	PMID:20374964	20180612
UniProtKB:Q92813	Type II iodothyronine deiodinase		GO:0120162		YuBioLab	NCBITaxon:9606	ISS	UniProtKB:Q9Z1Y9	PANTHER:PTHR11781	protein	UniProtKB:Q92813	PMID:11696583	20180612
UniProtKB:P16671	Platelet glycoprotein 4		GO:0120162		Ensembl	NCBITaxon:9606	IEA	UniProtKB:Q08857|ensembl:ENSMUSP00000133008	PANTHER:PTHR11923	protein	UniProtKB:P16671	GO_REF:0000107	20250313
UniProtKB:P16671	Platelet glycoprotein 4		GO:0120162		YuBioLab	NCBITaxon:9606	ISS	UniProtKB:Q08857	PANTHER:PTHR11923	protein	UniProtKB:P16671	PMID:25596128	20180612
UniProtKB:O00631	Sarcolipin		GO:0120162		YuBioLab	NCBITaxon:9606	ISS	UniProtKB:Q9CQD6		protein	UniProtKB:O00631	PMID:22961106	20180612
UniProtKB:Q99814	Endothelial PAS domain-containing protein 1		GO:0120162		Ensembl	NCBITaxon:9606	IEA	UniProtKB:P97481|ensembl:ENSMUSP00000024954	PANTHER:PTHR23043	protein	UniProtKB:Q99814	GO_REF:0000107	20250313
UniProtKB:Q99814	Endothelial PAS domain-containing protein 1		GO:0120162		YuBioLab	NCBITaxon:9606	ISS	UniProtKB:P97481	PANTHER:PTHR23043	protein	UniProtKB:Q99814	PMID:26572826	20180612
UniProtKB:P50440	Glycine amidinotransferase, mitochondrial		GO:0120162		Ensembl	NCBITaxon:9606	IEA	UniProtKB:Q9D964|ensembl:ENSMUSP00000028624	PANTHER:PTHR10488	protein	UniProtKB:P50440	GO_REF:0000107	20250313
UniProtKB:P50440	Glycine amidinotransferase, mitochondrial		GO:0120162		YuBioLab	NCBITaxon:9606	ISS	UniProtKB:Q9D964	PANTHER:PTHR10488	protein	UniProtKB:P50440	PMID:28844881	20180612
UniProtKB:O60674	Tyrosine-protein kinase JAK2		GO:0120162		Ensembl	NCBITaxon:9606	IEA	UniProtKB:Q62120|ensembl:ENSMUSP00000064394	PANTHER:PTHR45807	protein	UniProtKB:O60674	GO_REF:0000107	20250313
UniProtKB:O60674	Tyrosine-protein kinase JAK2		GO:0120162		YuBioLab	NCBITaxon:9606	ISS	UniProtKB:Q62120	PANTHER:PTHR45807	protein	UniProtKB:O60674	PMID:26515423	20180612
UniProtKB:P09172	Dopamine beta-hydroxylase		GO:0120162		Ensembl	NCBITaxon:9606	IEA	UniProtKB:Q64237|ensembl:ENSMUSP00000000910	PANTHER:PTHR10157	protein	UniProtKB:P09172	GO_REF:0000107	20250313
UniProtKB:P09172	Dopamine beta-hydroxylase		GO:0120162		YuBioLab	NCBITaxon:9606	ISS	UniProtKB:Q64237	PANTHER:PTHR10157	protein	UniProtKB:P09172	PMID:9139828	20180612
UniProtKB:Q9BRP0	Transcription factor Ovo-like 2		GO:0120162		UniProt	NCBITaxon:9606	ISS	UniProtKB:A2A935	PANTHER:PTHR10032	protein	UniProtKB:Q9BRP0	PMID:24703692	20221027
UniProtKB:Q01469	Fatty acid-binding protein 5		GO:0120162		Ensembl	NCBITaxon:9606	IEA	UniProtKB:Q05816|ensembl:ENSMUSP00000029046	PANTHER:PTHR11955	protein	UniProtKB:Q01469	GO_REF:0000107	20250313
UniProtKB:Q01469	Fatty acid-binding protein 5		GO:0120162		YuBioLab	NCBITaxon:9606	ISS	UniProtKB:Q05816	PANTHER:PTHR11955	protein	UniProtKB:Q01469	PMID:24603714	20180612
UniProtKB:Q99453	Paired mesoderm homeobox protein 2B		GO:0120162		Ensembl	NCBITaxon:9606	IEA	UniProtKB:O35690|ensembl:ENSMUSP00000012664	PANTHER:PTHR24329	protein	UniProtKB:Q99453	GO_REF:0000107	20250313
UniProtKB:Q99453	Paired mesoderm homeobox protein 2B		GO:0120162		YuBioLab	NCBITaxon:9606	ISS	UniProtKB:O35690	PANTHER:PTHR24329	protein	UniProtKB:Q99453	PMID:21977017	20180612
UniProtKB:P46089	G-protein coupled receptor 3		GO:0120162		Ensembl	NCBITaxon:9606	IEA	UniProtKB:P35413|ensembl:ENSMUSP00000101531	PANTHER:PTHR22750	protein	UniProtKB:P46089	GO_REF:0000107	20250313
UniProtKB:P46089	G-protein coupled receptor 3		GO:0120162		YuBioLab	NCBITaxon:9606	ISS	UniProtKB:P35413	PANTHER:PTHR22750	protein	UniProtKB:P46089	PMID:26455425	20180612
UniProtKB:Q8TCU4	Centrosome-associated protein ALMS1		GO:0120162		YuBioLab	NCBITaxon:9606	ISS	UniProtKB:Q8K4E0	PANTHER:PTHR21553	protein	UniProtKB:Q8TCU4	PMID:27803297	20180612
UniProtKB:P23786	Carnitine O-palmitoyltransferase 2, mitochondrial		GO:0120162		Ensembl	NCBITaxon:9606	IEA	UniProtKB:P52825|ensembl:ENSMUSP00000030345	PANTHER:PTHR22589	protein	UniProtKB:P23786	GO_REF:0000107	20250313
UniProtKB:P23786	Carnitine O-palmitoyltransferase 2, mitochondrial		GO:0120162		YuBioLab	NCBITaxon:9606	ISS	UniProtKB:P52825	PANTHER:PTHR22589	protein	UniProtKB:P23786	PMID:25578732	20180612
UniProtKB:P24394	Interleukin-4 receptor subunit alpha		GO:0120162		Ensembl	NCBITaxon:9606	IEA	UniProtKB:P16382|ensembl:ENSMUSP00000033004	PANTHER:PTHR23037	protein	UniProtKB:P24394	GO_REF:0000107	20250313
UniProtKB:P24394	Interleukin-4 receptor subunit alpha		GO:0120162		YuBioLab	NCBITaxon:9606	ISS	UniProtKB:P16382	PANTHER:PTHR23037	protein	UniProtKB:P24394	PMID:24906148	20180612
UniProtKB:O60341	Lysine-specific histone demethylase 1A		GO:0120162		YuBioLab	NCBITaxon:9606	ISS	UniProtKB:Q6ZQ88	PANTHER:PTHR10742	protein	UniProtKB:O60341	PMID:27566776	20180612
UniProtKB:Q15306	Interferon regulatory factor 4		GO:0120162		Ensembl	NCBITaxon:9606	IEA	UniProtKB:Q64287|ensembl:ENSMUSP00000021784	PANTHER:PTHR11949	protein	UniProtKB:Q15306	GO_REF:0000107	20250313
UniProtKB:Q15306	Interferon regulatory factor 4		GO:0120162		YuBioLab	NCBITaxon:9606	ISS	UniProtKB:Q64287	PANTHER:PTHR11949	protein	UniProtKB:Q15306	PMID:24995979	20180612
UniProtKB:Q15848	Adiponectin		GO:0120162		Ensembl	NCBITaxon:9606	IEA	UniProtKB:Q60994|ensembl:ENSMUSP00000023593	PANTHER:PTHR15427	protein	UniProtKB:Q15848	GO_REF:0000107	20250313
UniProtKB:Q15848	Adiponectin		GO:0120162		YuBioLab	NCBITaxon:9606	ISS	UniProtKB:Q60994	PANTHER:PTHR15427	protein	UniProtKB:Q15848	PMID:24531262	20180612
UniProtKB:Q15848	Adiponectin		GO:0120162		YuBioLab	NCBITaxon:9606	ISS	UniProtKB:Q60994	PANTHER:PTHR15427	protein	UniProtKB:Q15848	PMID:26166748	20180612
UniProtKB:O00767	Stearoyl-CoA desaturase		GO:0120162		YuBioLab	NCBITaxon:9606	ISS	UniProtKB:P13516	PANTHER:PTHR11351	protein	UniProtKB:O00767	PMID:15210843	20180612
UniProtKB:O00767	Stearoyl-CoA desaturase		GO:0120162		YuBioLab	NCBITaxon:9606	ISS	UniProtKB:P13516	PANTHER:PTHR11351	protein	UniProtKB:O00767	PMID:19429677	20180612
UniProtKB:P43405	Tyrosine-protein kinase SYK		GO:0120162		Ensembl	NCBITaxon:9606	IEA	UniProtKB:P48025|ensembl:ENSMUSP00000113852	PANTHER:PTHR24418	protein	UniProtKB:P43405	GO_REF:0000107	20250313
UniProtKB:P43405	Tyrosine-protein kinase SYK		GO:0120162		YuBioLab	NCBITaxon:9606	ISS	UniProtKB:P48025	PANTHER:PTHR24418	protein	UniProtKB:P43405	PMID:29235464	20180612
UniProtKB:Q13322	Growth factor receptor-bound protein 10		GO:0120162		Ensembl	NCBITaxon:9606	IEA	UniProtKB:Q60760|ensembl:ENSMUSP00000091011	PANTHER:PTHR11243	protein	UniProtKB:Q13322	GO_REF:0000107	20250313
UniProtKB:Q13322	Growth factor receptor-bound protein 10		GO:0120162		YuBioLab	NCBITaxon:9606	ISS	UniProtKB:Q60760	PANTHER:PTHR11243	protein	UniProtKB:Q13322	PMID:24746805	20180612
UniProtKB:P61073	C-X-C chemokine receptor type 4		GO:0120162		YuBioLab	NCBITaxon:9606	ISS	UniProtKB:P70658	PANTHER:PTHR10489	protein	UniProtKB:P61073	PMID:25016030	20180612
UniProtKB:Q9HAK2	Transcription factor COE2		GO:0120162		Ensembl	NCBITaxon:9606	IEA	UniProtKB:O08792|ensembl:ENSMUSP00000135500	PANTHER:PTHR10747	protein	UniProtKB:Q9HAK2	GO_REF:0000107	20250313
UniProtKB:Q9HAK2	Transcription factor COE2		GO:0120162		YuBioLab	NCBITaxon:9606	ISS	UniProtKB:O08792	PANTHER:PTHR10747	protein	UniProtKB:Q9HAK2	PMID:26844207	20180612
UniProtKB:O15379	Histone deacetylase 3		GO:0120162		Ensembl	NCBITaxon:9606	IEA	UniProtKB:O88895|ensembl:ENSMUSP00000037981	PANTHER:PTHR10625	protein	UniProtKB:O15379	GO_REF:0000107	20250313
UniProtKB:O15379	Histone deacetylase 3		GO:0120162		YuBioLab	NCBITaxon:9606	ISS	UniProtKB:O88895	PANTHER:PTHR10625	protein	UniProtKB:O15379	PMID:28614293	20180612
UniProtKB:O15156	Zinc finger and BTB domain-containing protein 7B		GO:0120162		Ensembl	NCBITaxon:9606	IEA	UniProtKB:Q64321|ensembl:ENSMUSP00000103058	PANTHER:PTHR46105	protein	UniProtKB:O15156	GO_REF:0000107	20250313
UniProtKB:O15156	Zinc finger and BTB domain-containing protein 7B		GO:0120162		YuBioLab	NCBITaxon:9606	ISS	UniProtKB:Q64321	PANTHER:PTHR46105	protein	UniProtKB:O15156	PMID:28784777	20180612
UniProtKB:O15055	Period circadian protein homolog 2		GO:0120162		YuBioLab	NCBITaxon:9606	ISS	UniProtKB:O54943	PANTHER:PTHR11269	protein	UniProtKB:O15055	PMID:24049733	20180612
UniProtKB:O15054	Lysine-specific demethylase 6B		GO:0120162		Ensembl	NCBITaxon:9606	IEA	UniProtKB:Q5NCY0|ensembl:ENSMUSP00000091620	PANTHER:PTHR14017	protein	UniProtKB:O15054	GO_REF:0000107	20250313
UniProtKB:O15054	Lysine-specific demethylase 6B		GO:0120162		YuBioLab	NCBITaxon:9606	ISS	UniProtKB:Q5NCY0	PANTHER:PTHR14017	protein	UniProtKB:O15054	PMID:26625958	20180612
UniProtKB:Q14116	Interleukin-18		GO:0120162		Ensembl	NCBITaxon:9606	IEA	UniProtKB:P70380|ensembl:ENSMUSP00000151002	PANTHER:PTHR10078	protein	UniProtKB:Q14116	GO_REF:0000107	20250313
UniProtKB:Q14116	Interleukin-18		GO:0120162		YuBioLab	NCBITaxon:9606	ISS	UniProtKB:P70380	PANTHER:PTHR10078	protein	UniProtKB:Q14116	PMID:26656097	20180612
UniProtKB:P15090	Fatty acid-binding protein, adipocyte		GO:0120162		Ensembl	NCBITaxon:9606	IEA	UniProtKB:P04117|ensembl:ENSMUSP00000029041	PANTHER:PTHR11955	protein	UniProtKB:P15090	GO_REF:0000107	20250313
UniProtKB:P15090	Fatty acid-binding protein, adipocyte		GO:0120162		YuBioLab	NCBITaxon:9606	ISS	UniProtKB:P04117	PANTHER:PTHR11955	protein	UniProtKB:P15090	PMID:24603714	20180612
UniProtKB:Q96G97	Seipin		GO:0120162		YuBioLab	NCBITaxon:9606	ISS	UniProtKB:Q9Z2E9	PANTHER:PTHR21212	protein	UniProtKB:Q96G97	PMID:27748422	20180612
UniProtKB:Q9NRA1	Platelet-derived growth factor C		GO:0120162		Ensembl	NCBITaxon:9606	IEA	UniProtKB:Q8CI19|ensembl:ENSMUSP00000029652	PANTHER:PTHR11633	protein	UniProtKB:Q9NRA1	GO_REF:0000107	20250313
UniProtKB:Q9NRA1	Platelet-derived growth factor C		GO:0120162		YuBioLab	NCBITaxon:9606	ISS	UniProtKB:Q8CI19	PANTHER:PTHR11633	protein	UniProtKB:Q9NRA1	PMID:27492130	20180612
UniProtKB:P07954	Fumarate hydratase, mitochondrial		GO:0120162		Ensembl	NCBITaxon:9606	IEA	UniProtKB:P97807|ensembl:ENSMUSP00000027810	PANTHER:PTHR11444	protein	UniProtKB:P07954	GO_REF:0000107	20250313
UniProtKB:P07954	Fumarate hydratase, mitochondrial		GO:0120162		YuBioLab	NCBITaxon:9606	ISS	UniProtKB:P97807	PANTHER:PTHR11444	protein	UniProtKB:P07954	PMID:27554470	20180612
UniProtKB:Q5JWF2	Guanine nucleotide-binding protein G(s) subunit alpha isoforms XLas		GO:0120162		YuBioLab	NCBITaxon:9606	ISS	UniProtKB:Q6R0H7	PANTHER:PTHR10218	protein	UniProtKB:Q5JWF2	PMID:20374964	20180612
UniProtKB:P51532	SWI/SNF-related matrix-associated actin-dependent regulator of chromatin subfamily A member 4		GO:0120162		UniProt	NCBITaxon:9606	ISS	MGI:MGI:88192	PANTHER:PTHR10799	protein	UniProtKB:P51532	PMID:34910916	20221208
UniProtKB:P17676	CCAAT/enhancer-binding protein beta		GO:0120162		Ensembl	NCBITaxon:9606	IEA	UniProtKB:P28033|ensembl:ENSMUSP00000069850	PANTHER:PTHR23334	protein	UniProtKB:P17676	GO_REF:0000107	20250313
UniProtKB:P17676	CCAAT/enhancer-binding protein beta		GO:0120162		YuBioLab	NCBITaxon:9606	ISS	UniProtKB:P28033	PANTHER:PTHR23334	protein	UniProtKB:P17676	PMID:15762841	20180612
UniProtKB:P84996	Protein ALEX		GO:0120162		YuBioLab	NCBITaxon:9606	ISS	UniProtKB:Q6R0H7		protein	UniProtKB:P84996	PMID:20374964	20180612
UniProtKB:Q16698	2,4-dienoyl-CoA reductase [(3E)-enoyl-CoA-producing], mitochondrial		GO:0120162		Ensembl	NCBITaxon:9606	IEA	UniProtKB:Q9CQ62|ensembl:ENSMUSP00000029877	PANTHER:PTHR43658	protein	UniProtKB:Q16698	GO_REF:0000107	20250313
UniProtKB:Q16698	2,4-dienoyl-CoA reductase [(3E)-enoyl-CoA-producing], mitochondrial		GO:0120162		YuBioLab	NCBITaxon:9606	ISS	UniProtKB:Q9CQ62	PANTHER:PTHR43658	protein	UniProtKB:Q16698	PMID:19578400	20180612
UniProtKB:Q9NSA1	Fibroblast growth factor 21		GO:0120162		Ensembl	NCBITaxon:9606	IEA	UniProtKB:Q9JJN1|ensembl:ENSMUSP00000033099	PANTHER:PTHR11486	protein	UniProtKB:Q9NSA1	GO_REF:0000107	20250313
UniProtKB:Q9NSA1	Fibroblast growth factor 21		GO:0120162		YuBioLab	NCBITaxon:9606	ISS	UniProtKB:Q9JJN1	PANTHER:PTHR11486	protein	UniProtKB:Q9NSA1	PMID:22302939	20180612
UniProtKB:Q9H9B1	Histone-lysine N-methyltransferase EHMT1		GO:0120162		Ensembl	NCBITaxon:9606	IEA	UniProtKB:Q5DW34|ensembl:ENSMUSP00000119057	PANTHER:PTHR46307	protein	UniProtKB:Q9H9B1	GO_REF:0000107	20250313
UniProtKB:Q9H9B1	Histone-lysine N-methyltransferase EHMT1		GO:0120162		YuBioLab	NCBITaxon:9606	ISS	UniProtKB:Q5DW34	PANTHER:PTHR46307	protein	UniProtKB:Q9H9B1	PMID:24196706	20180612
UniProtKB:Q7Z2W7	Transient receptor potential cation channel subfamily M member 8		GO:0120162		Ensembl	NCBITaxon:9606	IEA	UniProtKB:Q8R4D5|ensembl:ENSMUSP00000036991	PANTHER:PTHR13800	protein	UniProtKB:Q7Z2W7	GO_REF:0000107	20250313
UniProtKB:Q7Z2W7	Transient receptor potential cation channel subfamily M member 8		GO:0120162		YuBioLab	NCBITaxon:9606	ISS	UniProtKB:Q8R4D5	PANTHER:PTHR13800	protein	UniProtKB:Q7Z2W7	PMID:22241835	20180612
UniProtKB:Q7Z2W7	Transient receptor potential cation channel subfamily M member 8		GO:0120162		GO_Central	NCBITaxon:9606	IBA	PANTHER:PTN008551499|MGI:MGI:2181435	PANTHER:PTHR13800	protein		GO_REF:0000033	20250408
UniProtKB:Q6VAB6	Kinase suppressor of Ras 2		GO:0120162		Ensembl	NCBITaxon:9606	IEA	UniProtKB:Q3UVC0|ensembl:ENSMUSP00000137670	PANTHER:PTHR23257	protein	UniProtKB:Q6VAB6	GO_REF:0000107	20250313
UniProtKB:Q6VAB6	Kinase suppressor of Ras 2		GO:0120162		YuBioLab	NCBITaxon:9606	ISS	UniProtKB:Q3UVC0	PANTHER:PTHR23257	protein	UniProtKB:Q6VAB6	PMID:28180061	20180612
UniProtKB:Q03135	Caveolin-1		GO:0120162		Ensembl	NCBITaxon:9606	IEA	UniProtKB:P49817|ensembl:ENSMUSP00000007799	PANTHER:PTHR10844	protein	UniProtKB:Q03135	GO_REF:0000107	20250313
UniProtKB:Q03135	Caveolin-1		GO:0120162		YuBioLab	NCBITaxon:9606	ISS	UniProtKB:P49817	PANTHER:PTHR10844	protein	UniProtKB:Q03135	PMID:15734843	20180612
UniProtKB:Q9NZF1	Placenta-specific gene 8 protein		GO:0120162		Ensembl	NCBITaxon:9606	IEA	UniProtKB:Q9JI48|ensembl:ENSMUSP00000108531	PANTHER:PTHR15907	protein	UniProtKB:Q9NZF1	GO_REF:0000107	20250313
UniProtKB:Q9NZF1	Placenta-specific gene 8 protein		GO:0120162		YuBioLab	NCBITaxon:9606	ISS	UniProtKB:Q9JI48	PANTHER:PTHR15907	protein	UniProtKB:Q9NZF1	PMID:21982742	20180612
UniProtKB:Q9Y2T7	Y-box-binding protein 2		GO:0120162		YuBioLab	NCBITaxon:9606	ISS	UniProtKB:Q9Z2C8	PANTHER:PTHR11544	protein	UniProtKB:Q9Y2T7	PMID:28970281	20180612
UniProtKB:Q96E52	Metalloendopeptidase OMA1, mitochondrial		GO:0120162		Ensembl	NCBITaxon:9606	IEA	UniProtKB:Q9D8H7|ensembl:ENSMUSP00000045269	PANTHER:PTHR22726	protein	UniProtKB:Q96E52	GO_REF:0000107	20250313
UniProtKB:Q96E52	Metalloendopeptidase OMA1, mitochondrial		GO:0120162		YuBioLab	NCBITaxon:9606	ISS	UniProtKB:Q9D8H7	PANTHER:PTHR22726	protein	UniProtKB:Q96E52	PMID:22433842	20180612
UniProtKB:O75175	CCR4-NOT transcription complex subunit 3		GO:0120162		Ensembl	NCBITaxon:9606	IEA	UniProtKB:Q8K0V4|ensembl:ENSMUSP00000039098	PANTHER:PTHR23326	protein	UniProtKB:O75175	GO_REF:0000107	20250313
UniProtKB:O75175	CCR4-NOT transcription complex subunit 3		GO:0120162		YuBioLab	NCBITaxon:9606	ISS	UniProtKB:Q8K0V4	PANTHER:PTHR23326	protein	UniProtKB:O75175	PMID:28032897	20180612
UniProtKB:Q8NEU8	DCC-interacting protein 13-beta		GO:0120162		UniProt	NCBITaxon:9606	ISS	UniProtKB:Q8K3G9	PANTHER:PTHR46415	protein	UniProtKB:Q8NEU8	GO_REF:0000024	20181130
UniProtKB:Q8NEU8	DCC-interacting protein 13-beta		GO:0120162		Ensembl	NCBITaxon:9606	IEA	UniProtKB:Q8K3G9|ensembl:ENSMUSP00000020500	PANTHER:PTHR46415	protein	UniProtKB:Q8NEU8	GO_REF:0000107	20250313
UniProtKB:O95467	Neuroendocrine secretory protein 55		GO:0120162		YuBioLab	NCBITaxon:9606	ISS	UniProtKB:Q6R0H7		protein	UniProtKB:O95467	PMID:20374964	20180612
UniProtKB:Q9Y478	5'-AMP-activated protein kinase subunit beta-1		GO:0120162		Ensembl	NCBITaxon:9606	IEA	UniProtKB:Q9R078|ensembl:ENSMUSP00000031486	PANTHER:PTHR10343	protein	UniProtKB:Q9Y478	GO_REF:0000107	20250313
UniProtKB:Q9Y478	5'-AMP-activated protein kinase subunit beta-1		GO:0120162		YuBioLab	NCBITaxon:9606	ISS	UniProtKB:Q9R078	PANTHER:PTHR10343	protein	UniProtKB:Q9Y478	PMID:27411013	20180612
UniProtKB:Q96A54	Adiponectin receptor protein 1		GO:0120162		Ensembl	NCBITaxon:9606	IEA	UniProtKB:Q91VH1|ensembl:ENSMUSP00000107856	PANTHER:PTHR20855	protein	UniProtKB:Q96A54	GO_REF:0000107	20250313
UniProtKB:Q96A54	Adiponectin receptor protein 1		GO:0120162		YuBioLab	NCBITaxon:9606	ISS	UniProtKB:Q91VH1	PANTHER:PTHR20855	protein	UniProtKB:Q96A54	PMID:24531262	20180612
UniProtKB:P17302	Gap junction alpha-1 protein		GO:0120162		YuBioLab	NCBITaxon:9606	ISS	UniProtKB:P23242	PANTHER:PTHR11984	protein	UniProtKB:P17302	PMID:27626200	20180612
UniProtKB:O95257	Growth arrest and DNA damage-inducible protein GADD45 gamma		GO:0120162		YuBioLab	NCBITaxon:9606	ISS	UniProtKB:Q9Z111	PANTHER:PTHR10411	protein	UniProtKB:O95257	PMID:25071184	20180612
UniProtKB:Q9Y5S1	Transient receptor potential cation channel subfamily V member 2		GO:0120162		Ensembl	NCBITaxon:9606	IEA	UniProtKB:Q9WTR1|ensembl:ENSMUSP00000018651	PANTHER:PTHR10582	protein	UniProtKB:Q9Y5S1	GO_REF:0000107	20250313
UniProtKB:Q9Y5S1	Transient receptor potential cation channel subfamily V member 2		GO:0120162		YuBioLab	NCBITaxon:9606	ISS	UniProtKB:Q9WTR1	PANTHER:PTHR10582	protein	UniProtKB:Q9Y5S1	PMID:26882545	20180612
UniProtKB:Q9UBU3	Appetite-regulating hormone		GO:0120162		Ensembl	NCBITaxon:9606	IEA	UniProtKB:Q9EQX0|ensembl:ENSMUSP00000145281	PANTHER:PTHR14122	protein	UniProtKB:Q9UBU3	GO_REF:0000107	20250313
UniProtKB:Q9UBU3	Appetite-regulating hormone		GO:0120162		YuBioLab	NCBITaxon:9606	ISS	UniProtKB:Q9EQX0	PANTHER:PTHR14122	protein	UniProtKB:Q9UBU3	PMID:19666521	20180612
UniProtKB:Q9UBM1	Phosphatidylethanolamine N-methyltransferase		GO:0120162		Ensembl	NCBITaxon:9606	IEA	UniProtKB:Q61907|ensembl:ENSMUSP00000099753	PANTHER:PTHR15458	protein	UniProtKB:Q9UBM1	GO_REF:0000107	20250313
UniProtKB:Q9UBM1	Phosphatidylethanolamine N-methyltransferase		GO:0120162		YuBioLab	NCBITaxon:9606	ISS	UniProtKB:Q61907	PANTHER:PTHR15458	protein	UniProtKB:Q9UBM1	PMID:26113536	20180612
UniProtKB:Q9UBK2	Peroxisome proliferator-activated receptor gamma coactivator 1-alpha		GO:0120162		Ensembl	NCBITaxon:9606	IEA	UniProtKB:O70343|ensembl:ENSMUSP00000117040	PANTHER:PTHR15528	protein	UniProtKB:Q9UBK2	GO_REF:0000107	20250313
UniProtKB:Q9UBK2	Peroxisome proliferator-activated receptor gamma coactivator 1-alpha		GO:0120162		YuBioLab	NCBITaxon:9606	ISS	UniProtKB:O70343	PANTHER:PTHR15528	protein	UniProtKB:Q9UBK2	PMID:15454086	20180612
UniProtKB:O95140	Mitofusin-2		GO:0120162		Ensembl	NCBITaxon:9606	IEA	UniProtKB:Q80U63|ensembl:ENSMUSP00000030884	PANTHER:PTHR10465	protein	UniProtKB:O95140	GO_REF:0000107	20250313
UniProtKB:O95140	Mitofusin-2		GO:0120162		YuBioLab	NCBITaxon:9606	ISS	UniProtKB:Q80U63	PANTHER:PTHR10465	protein	UniProtKB:O95140	PMID:28539390	20180612
UniProtKB:P41597	C-C chemokine receptor type 2		GO:0120162		Ensembl	NCBITaxon:9606	IEA	UniProtKB:P51683|ensembl:ENSMUSP00000132453	PANTHER:PTHR10489	protein	UniProtKB:P41597	GO_REF:0000107	20250313
UniProtKB:P41597	C-C chemokine receptor type 2		GO:0120162		YuBioLab	NCBITaxon:9606	ISS	UniProtKB:P51683	PANTHER:PTHR10489	protein	UniProtKB:P41597	PMID:24906148	20180612
UniProtKB:Q6P1Q0	LETM1 domain-containing protein 1		GO:0120162		Ensembl	NCBITaxon:9606	IEA	UniProtKB:Q924L1|ensembl:ENSMUSP00000037546	PANTHER:PTHR14009	protein	UniProtKB:Q6P1Q0	GO_REF:0000107	20250313
UniProtKB:Q6P1Q0	LETM1 domain-containing protein 1		GO:0120162		UniProt	NCBITaxon:9606	ISS	MGI:MGI:1915864	PANTHER:PTHR14009	protein	UniProtKB:Q6P1Q0-4	PMID:34910916	20221121
UniProtKB:P22303	Acetylcholinesterase		GO:0120162		Ensembl	NCBITaxon:9606	IEA	UniProtKB:P21836|ensembl:ENSMUSP00000024099	PANTHER:PTHR11559	protein	UniProtKB:P22303	GO_REF:0000107	20250313
UniProtKB:P22303	Acetylcholinesterase		GO:0120162		YuBioLab	NCBITaxon:9606	ISS	UniProtKB:P21836	PANTHER:PTHR11559	protein	UniProtKB:P22303	PMID:17038428	20180612
UniProtKB:O43741	5'-AMP-activated protein kinase subunit beta-2		GO:0120162		Ensembl	NCBITaxon:9606	IEA	UniProtKB:Q6PAM0|ensembl:ENSMUSP00000036410	PANTHER:PTHR10343	protein	UniProtKB:O43741	GO_REF:0000107	20250313
UniProtKB:O43741	5'-AMP-activated protein kinase subunit beta-2		GO:0120162		YuBioLab	NCBITaxon:9606	ISS	UniProtKB:Q6PAM0	PANTHER:PTHR10343	protein	UniProtKB:O43741	PMID:27411013	20180612
UniProtKB:P30559	Oxytocin receptor		GO:0120162		Ensembl	NCBITaxon:9606	IEA	UniProtKB:P97926|ensembl:ENSMUSP00000051132	PANTHER:PTHR24241	protein	UniProtKB:P30559	GO_REF:0000107	20250313
UniProtKB:P30559	Oxytocin receptor		GO:0120162		YuBioLab	NCBITaxon:9606	ISS	UniProtKB:P97926	PANTHER:PTHR24241	protein	UniProtKB:P30559	PMID:24002032	20180612
UniProtKB:P27469	G0/G1 switch protein 2		GO:0120162		Ensembl	NCBITaxon:9606	IEA	UniProtKB:Q61585|ensembl:ENSMUSP00000009777	PANTHER:PTHR15570	protein	UniProtKB:P27469	GO_REF:0000107	20250313
UniProtKB:P27469	G0/G1 switch protein 2		GO:0120162		YuBioLab	NCBITaxon:9606	ISS	UniProtKB:Q61585	PANTHER:PTHR15570	protein	UniProtKB:P27469	PMID:24556704	20180612
UniProtKB:Q16836	Hydroxyacyl-coenzyme A dehydrogenase, mitochondrial		GO:0120162		Ensembl	NCBITaxon:9606	IEA	UniProtKB:Q61425|ensembl:ENSMUSP00000029610	PANTHER:PTHR43561	protein	UniProtKB:Q16836	GO_REF:0000107	20250313
UniProtKB:Q16836	Hydroxyacyl-coenzyme A dehydrogenase, mitochondrial		GO:0120162		YuBioLab	NCBITaxon:9606	ISS	UniProtKB:Q61425	PANTHER:PTHR43561	protein	UniProtKB:Q16836	PMID:21990309	20180612
UniProtKB:P07550	Beta-2 adrenergic receptor		GO:0120162		Ensembl	NCBITaxon:9606	IEA	UniProtKB:P18762|ensembl:ENSMUSP00000062256	PANTHER:PTHR24248	protein	UniProtKB:P07550	GO_REF:0000107	20250313
UniProtKB:P07550	Beta-2 adrenergic receptor		GO:0120162		YuBioLab	NCBITaxon:9606	ISS	UniProtKB:P18762	PANTHER:PTHR24248	protein	UniProtKB:P07550	PMID:12387862	20180612
UniProtKB:Q86YN6	Peroxisome proliferator-activated receptor gamma coactivator 1-beta		GO:0120162		Ensembl	NCBITaxon:9606	IEA	UniProtKB:Q8VHJ7|ensembl:ENSMUSP00000069431	PANTHER:PTHR15528	protein	UniProtKB:Q86YN6	GO_REF:0000107	20250313
UniProtKB:Q86YN6	Peroxisome proliferator-activated receptor gamma coactivator 1-beta		GO:0120162		YuBioLab	NCBITaxon:9606	ISS	UniProtKB:Q8VHJ7	PANTHER:PTHR15528	protein	UniProtKB:Q86YN6	PMID:17090215	20180612
UniProtKB:P13945	Beta-3 adrenergic receptor		GO:0120162		Ensembl	NCBITaxon:9606	IEA	UniProtKB:P25962|ensembl:ENSMUSP00000113732	PANTHER:PTHR24248	protein	UniProtKB:P13945	GO_REF:0000107	20250313
UniProtKB:P13945	Beta-3 adrenergic receptor		GO:0120162		YuBioLab	NCBITaxon:9606	ISS	UniProtKB:P25962	PANTHER:PTHR24248	protein	UniProtKB:P13945	PMID:12387862	20180612
UniProtKB:P13945	Beta-3 adrenergic receptor		GO:0120162		YuBioLab	NCBITaxon:9606	ISS	UniProtKB:P25962	PANTHER:PTHR24248	protein	UniProtKB:P13945	PMID:7493988	20180612
UniProtKB:P10827	Thyroid hormone receptor alpha		GO:0120162		Ensembl	NCBITaxon:9606	IEA	UniProtKB:P63058|ensembl:ENSMUSP00000099428	PANTHER:PTHR24082	protein	UniProtKB:P10827	GO_REF:0000107	20250313
UniProtKB:P10827	Thyroid hormone receptor alpha		GO:0120162		YuBioLab	NCBITaxon:9606	ISS	UniProtKB:P63058	PANTHER:PTHR24082	protein	UniProtKB:P10827	PMID:21652727	20180612
UniProtKB:P35225	Interleukin-13		GO:0120162		Ensembl	NCBITaxon:9606	IEA	UniProtKB:P20109|ensembl:ENSMUSP00000020650	PANTHER:PTHR48486	protein	UniProtKB:P35225	GO_REF:0000107	20250313
UniProtKB:P35225	Interleukin-13		GO:0120162		YuBioLab	NCBITaxon:9606	ISS	UniProtKB:P20109	PANTHER:PTHR48486	protein	UniProtKB:P35225	PMID:24906148	20180612
UniProtKB:P55851	Dicarboxylate carrier SLC25A8		GO:0120162		Ensembl	NCBITaxon:9606	IEA	UniProtKB:P70406|ensembl:ENSMUSP00000120967	PANTHER:PTHR45618	protein	UniProtKB:P55851	GO_REF:0000107	20250313
UniProtKB:P55851	Dicarboxylate carrier SLC25A8		GO:0120162		YuBioLab	NCBITaxon:9606	ISS	UniProtKB:P70406	PANTHER:PTHR45618	protein	UniProtKB:P55851	PMID:28130074	20180612
UniProtKB:P25054	Adenomatous polyposis coli protein		GO:0120162		YuBioLab	NCBITaxon:9606	ISS	UniProtKB:Q61315	PANTHER:PTHR12607	protein	UniProtKB:P25054	PMID:26948948	20180612
UniProtKB:P08588	Beta-1 adrenergic receptor		GO:0120162		Ensembl	NCBITaxon:9606	IEA	UniProtKB:P34971|ensembl:ENSMUSP00000040847	PANTHER:PTHR24248	protein	UniProtKB:P08588	GO_REF:0000107	20250313
UniProtKB:P08588	Beta-1 adrenergic receptor		GO:0120162		YuBioLab	NCBITaxon:9606	ISS	UniProtKB:P34971	PANTHER:PTHR24248	protein	UniProtKB:P08588	PMID:12387862	20180612
UniProtKB:P08588	Beta-1 adrenergic receptor		GO:0120162		YuBioLab	NCBITaxon:9606	ISS	UniProtKB:P34971	PANTHER:PTHR24248	protein	UniProtKB:P08588	PMID:22728333	20180612
UniProtKB:Q00613	Heat shock factor protein 1		GO:0120162		Ensembl	NCBITaxon:9606	IEA	UniProtKB:P38532|ensembl:ENSMUSP00000154602	PANTHER:PTHR10015	protein	UniProtKB:Q00613	GO_REF:0000107	20250313
UniProtKB:Q00613	Heat shock factor protein 1		GO:0120162		YuBioLab	NCBITaxon:9606	ISS	UniProtKB:P38532	PANTHER:PTHR10015	protein	UniProtKB:Q00613	PMID:26344102	20180612
UniProtKB:P18509	Pituitary adenylate cyclase-activating polypeptide		GO:0120162		Ensembl	NCBITaxon:9606	IEA	UniProtKB:O70176|ensembl:ENSMUSP00000067057	PANTHER:PTHR11213	protein	UniProtKB:P18509	GO_REF:0000107	20250313
UniProtKB:P18509	Pituitary adenylate cyclase-activating polypeptide		GO:0120162		YuBioLab	NCBITaxon:9606	ISS	UniProtKB:O70176	PANTHER:PTHR11213	protein	UniProtKB:P18509	PMID:12239106	20180612
UniProtKB:P01178	Oxytocin-neurophysin 1		GO:0120162		Ensembl	NCBITaxon:9606	IEA	UniProtKB:P35454|ensembl:ENSMUSP00000028764	PANTHER:PTHR11681	protein	UniProtKB:P01178	GO_REF:0000107	20250313
UniProtKB:P01178	Oxytocin-neurophysin 1		GO:0120162		YuBioLab	NCBITaxon:9606	ISS	UniProtKB:P35454	PANTHER:PTHR11681	protein	UniProtKB:P01178	PMID:18071238	20180612
UniProtKB:P28330	Long-chain specific acyl-CoA dehydrogenase, mitochondrial		GO:0120162		YuBioLab	NCBITaxon:9606	ISS	UniProtKB:P51174	PANTHER:PTHR48083	protein	UniProtKB:P28330	PMID:9802886	20180612
UniProtKB:P08069	Insulin-like growth factor 1 receptor		GO:0120162		YuBioLab	NCBITaxon:9606	ISS	UniProtKB:Q60751	PANTHER:PTHR24416	protein	UniProtKB:P08069	PMID:26910308	20180612
UniProtKB:Q8TD22	Sideroflexin-5		GO:0120162		Ensembl	NCBITaxon:9606	IEA	UniProtKB:Q925N0|ensembl:ENSMUSP00000041872	PANTHER:PTHR11153	protein	UniProtKB:Q8TD22	GO_REF:0000107	20250313
UniProtKB:Q14204	Cytoplasmic dynein 1 heavy chain 1		GO:0120162		Ensembl	NCBITaxon:9606	IEA	UniProtKB:Q9JHU4|ensembl:ENSMUSP00000018851	PANTHER:PTHR10676	protein	UniProtKB:Q14204	GO_REF:0000107	20250313
UniProtKB:Q14204	Cytoplasmic dynein 1 heavy chain 1		GO:0120162		YuBioLab	NCBITaxon:9606	ISS	UniProtKB:Q9JHU4	PANTHER:PTHR10676	protein	UniProtKB:Q14204	PMID:20887786	20180612
UniProtKB:P55001	Microfibrillar-associated protein 2		GO:0120162		Ensembl	NCBITaxon:9606	IEA	UniProtKB:P55002|ensembl:ENSMUSP00000071868	PANTHER:PTHR16485	protein	UniProtKB:P55001	GO_REF:0000107	20250313
UniProtKB:P55001	Microfibrillar-associated protein 2		GO:0120162		YuBioLab	NCBITaxon:9606	ISS	UniProtKB:P55002	PANTHER:PTHR16485	protein	UniProtKB:P55001	PMID:24458361	20180612
UniProtKB:P05186	Alkaline phosphatase, tissue-nonspecific isozyme		GO:0120162		UniProt	NCBITaxon:9606	ISS	UniProtKB:P09242	PANTHER:PTHR11596	protein	UniProtKB:P05186	GO_REF:0000024	20210629
UniProtKB:P05186	Alkaline phosphatase, tissue-nonspecific isozyme		GO:0120162		Ensembl	NCBITaxon:9606	IEA	UniProtKB:P09242|ensembl:ENSMUSP00000030551	PANTHER:PTHR11596	protein	UniProtKB:P05186	GO_REF:0000107	20250313
UniProtKB:P05112	Interleukin-4		GO:0120162		YuBioLab	NCBITaxon:9606	ISS	UniProtKB:P07750	PANTHER:PTHR47401	protein	UniProtKB:P05112	PMID:24906148	20180612
UniProtKB:P49190	Parathyroid hormone 2 receptor		GO:0120162		Ensembl	NCBITaxon:9606	IEA	UniProtKB:Q91V95|ensembl:ENSMUSP00000027083	PANTHER:PTHR45620	protein	UniProtKB:P49190	GO_REF:0000107	20250313
UniProtKB:P49190	Parathyroid hormone 2 receptor		GO:0120162		YuBioLab	NCBITaxon:9606	ISS	UniProtKB:Q91V95	PANTHER:PTHR45620	protein	UniProtKB:P49190	PMID:22159128	20180612
UniProtKB:P62508	Estrogen-related receptor gamma		GO:0120162		Ensembl	NCBITaxon:9606	IEA	UniProtKB:P62509|ensembl:ENSMUSP00000027906	PANTHER:PTHR48092	protein	UniProtKB:P62508	GO_REF:0000107	20250313
UniProtKB:P62508	Estrogen-related receptor gamma		GO:0120162		YuBioLab	NCBITaxon:9606	ISS	UniProtKB:P62509	PANTHER:PTHR48092	protein	UniProtKB:P62508	PMID:17229846	20180612
UniProtKB:O43612	Hypocretin neuropeptide precursor		GO:0120162		Ensembl	NCBITaxon:9606	IEA	UniProtKB:O55241|ensembl:ENSMUSP00000057578	PANTHER:PTHR15173	protein	UniProtKB:O43612	GO_REF:0000107	20250313
UniProtKB:O43612	Hypocretin neuropeptide precursor		GO:0120162		YuBioLab	NCBITaxon:9606	ISS	UniProtKB:O55241	PANTHER:PTHR15173	protein	UniProtKB:O43612	PMID:23700511	20180612
UniProtKB:P15692	Vascular endothelial growth factor A, long form		GO:0120162		Ensembl	NCBITaxon:9606	IEA	UniProtKB:Q00731|ensembl:ENSMUSP00000115883	PANTHER:PTHR12025	protein	UniProtKB:P15692	GO_REF:0000107	20250313
UniProtKB:P15692	Vascular endothelial growth factor A, long form		GO:0120162		YuBioLab	NCBITaxon:9606	ISS	UniProtKB:Q00731	PANTHER:PTHR12025	protein	UniProtKB:P15692	PMID:26683794	20180612
UniProtKB:Q14693	Phosphatidate phosphatase LPIN1		GO:0120162		YuBioLab	NCBITaxon:9606	ISS	UniProtKB:Q91ZP3	PANTHER:PTHR12181	protein	UniProtKB:Q14693	PMID:23028044	20180612
UniProtKB:P25874	Mitochondrial brown fat uncoupling protein 1		GO:0120162		Ensembl	NCBITaxon:9606	IEA	UniProtKB:P12242|ensembl:ENSMUSP00000034146	PANTHER:PTHR45618	protein	UniProtKB:P25874	GO_REF:0000107	20250313
UniProtKB:P25874	Mitochondrial brown fat uncoupling protein 1		GO:0120162		YuBioLab	NCBITaxon:9606	ISS	UniProtKB:P12242	PANTHER:PTHR45618	protein	UniProtKB:P25874	PMID:28630339	20180612
UniProtKB:P42226	Signal transducer and activator of transcription 6		GO:0120162		Ensembl	NCBITaxon:9606	IEA	UniProtKB:P52633|ensembl:ENSMUSP00000089708	PANTHER:PTHR11801	protein	UniProtKB:P42226	GO_REF:0000107	20250313
UniProtKB:P42226	Signal transducer and activator of transcription 6		GO:0120162		YuBioLab	NCBITaxon:9606	ISS	UniProtKB:P52633	PANTHER:PTHR11801	protein	UniProtKB:P42226	PMID:24906148	20180612
UniProtKB:Q9Y4C1	Lysine-specific demethylase 3A		GO:0120162		Ensembl	NCBITaxon:9606	IEA	UniProtKB:Q6PCM1|ensembl:ENSMUSP00000128789	PANTHER:PTHR12549	protein	UniProtKB:Q9Y4C1	GO_REF:0000107	20250313
UniProtKB:Q9Y4C1	Lysine-specific demethylase 3A		GO:0120162		YuBioLab	NCBITaxon:9606	ISS	UniProtKB:Q6PCM1	PANTHER:PTHR12549	protein	UniProtKB:Q9Y4C1	PMID:19194461	20180612
UniProtKB:P80188	Neutrophil gelatinase-associated lipocalin		GO:0120162		Ensembl	NCBITaxon:9606	IEA	UniProtKB:P11672|ensembl:ENSMUSP00000053962	PANTHER:PTHR11430	protein	UniProtKB:P80188	GO_REF:0000107	20250313
UniProtKB:P80188	Neutrophil gelatinase-associated lipocalin		GO:0120162		YuBioLab	NCBITaxon:9606	ISS	UniProtKB:P11672	PANTHER:PTHR11430	protein	UniProtKB:P80188	PMID:20332347	20180612
UniProtKB:Q9H5J4	Very long chain fatty acid elongase 6		GO:0120162		Ensembl	NCBITaxon:9606	IEA	UniProtKB:Q920L5|ensembl:ENSMUSP00000071351	PANTHER:PTHR11157	protein	UniProtKB:Q9H5J4	GO_REF:0000107	20250313
UniProtKB:Q9H5J4	Very long chain fatty acid elongase 6		GO:0120162		YuBioLab	NCBITaxon:9606	ISS	UniProtKB:Q920L5	PANTHER:PTHR11157	protein	UniProtKB:Q9H5J4	PMID:26628376	20180612
UniProtKB:P48357	Leptin receptor		GO:0120162		Ensembl	NCBITaxon:9606	IEA	UniProtKB:P48356|ensembl:ENSMUSP00000037385	PANTHER:PTHR23036	protein	UniProtKB:P48357	GO_REF:0000107	20250313
UniProtKB:P48357	Leptin receptor		GO:0120162		YuBioLab	NCBITaxon:9606	ISS	UniProtKB:P48356	PANTHER:PTHR23036	protein	UniProtKB:P48357	PMID:11003997	20180612
UniProtKB:P16471	Prolactin receptor		GO:0120162		Ensembl	NCBITaxon:9606	IEA	UniProtKB:Q08501|ensembl:ENSMUSP00000122219	PANTHER:PTHR23036	protein	UniProtKB:P16471	GO_REF:0000107	20250313
UniProtKB:P16471	Prolactin receptor		GO:0120162		YuBioLab	NCBITaxon:9606	ISS	UniProtKB:Q08501	PANTHER:PTHR23036	protein	UniProtKB:P16471	PMID:18253483	20180612
UniProtKB:P16473	Thyrotropin receptor		GO:0120162		YuBioLab	NCBITaxon:9606	ISS	UniProtKB:P47750	PANTHER:PTHR24372	protein	UniProtKB:P16473	PMID:18559984	20180612
UniProtKB:Q9HAZ2	Histone-lysine N-methyltransferase PRDM16		GO:0120162		YuBioLab	NCBITaxon:9606	ISS	UniProtKB:A2A935	PANTHER:PTHR24393	protein	UniProtKB:Q9HAZ2	PMID:24439384	20180612
UniProtKB:Q9HAZ2	Histone-lysine N-methyltransferase PRDM16		GO:0120162		YuBioLab	NCBITaxon:9606	ISS	UniProtKB:A2A935	PANTHER:PTHR24393	protein	UniProtKB:Q9HAZ2	PMID:24703692	20180612
UniProtKB:P33121	Long-chain-fatty-acid--CoA ligase 1		GO:0120162		Ensembl	NCBITaxon:9606	IEA	UniProtKB:P41216|ensembl:ENSMUSP00000034046	PANTHER:PTHR43272	protein	UniProtKB:P33121	GO_REF:0000107	20250313
UniProtKB:P33121	Long-chain-fatty-acid--CoA ligase 1		GO:0120162		YuBioLab	NCBITaxon:9606	ISS	UniProtKB:P41216	PANTHER:PTHR43272	protein	UniProtKB:P33121	PMID:20620995	20180612
UniProtKB:Q9HB03	Very long chain fatty acid elongase 3		GO:0120162		Ensembl	NCBITaxon:9606	IEA	UniProtKB:O35949|ensembl:ENSMUSP00000157465	PANTHER:PTHR11157	protein	UniProtKB:Q9HB03	GO_REF:0000107	20250313
UniProtKB:Q9HB03	Very long chain fatty acid elongase 3		GO:0120162		YuBioLab	NCBITaxon:9606	ISS	UniProtKB:O35949	PANTHER:PTHR11157	protein	UniProtKB:Q9HB03	PMID:16326704	20180612
UniProtKB:Q5NUL3	Free fatty acid receptor 4		GO:0120162		Ensembl	NCBITaxon:9606	IEA	UniProtKB:Q7TMA4|ensembl:ENSMUSP00000063660	PANTHER:PTHR24241	protein	UniProtKB:Q5NUL3	GO_REF:0000107	20250313
UniProtKB:Q5NUL3	Free fatty acid receptor 4		GO:0120162		YuBioLab	NCBITaxon:9606	ISS	UniProtKB:Q7TMA4	PANTHER:PTHR24241	protein	UniProtKB:Q5NUL3	PMID:27853148	20180612
UniProtKB:P41159	Leptin		GO:0120162		Ensembl	NCBITaxon:9606	IEA	UniProtKB:P41160|ensembl:ENSMUSP00000067046	PANTHER:PTHR11724	protein	UniProtKB:P41159	GO_REF:0000107	20250313
UniProtKB:P41159	Leptin		GO:0120162		YuBioLab	NCBITaxon:9606	ISS	UniProtKB:P41160	PANTHER:PTHR11724	protein	UniProtKB:P41159	PMID:27986616	20180612
